-- MySQL dump 10.13  Distrib 8.0.34, for Win64 (x86_64)
--
-- Host: k10e205.p.ssafy.io    Database: runtime
-- ------------------------------------------------------
-- Server version	8.4.0

/*!40101 SET @OLD_CHARACTER_SET_CLIENT=@@CHARACTER_SET_CLIENT */;
/*!40101 SET @OLD_CHARACTER_SET_RESULTS=@@CHARACTER_SET_RESULTS */;
/*!40101 SET @OLD_COLLATION_CONNECTION=@@COLLATION_CONNECTION */;
/*!50503 SET NAMES utf8 */;
/*!40103 SET @OLD_TIME_ZONE=@@TIME_ZONE */;
/*!40103 SET TIME_ZONE='+00:00' */;
/*!40014 SET @OLD_UNIQUE_CHECKS=@@UNIQUE_CHECKS, UNIQUE_CHECKS=0 */;
/*!40014 SET @OLD_FOREIGN_KEY_CHECKS=@@FOREIGN_KEY_CHECKS, FOREIGN_KEY_CHECKS=0 */;
/*!40101 SET @OLD_SQL_MODE=@@SQL_MODE, SQL_MODE='NO_AUTO_VALUE_ON_ZERO' */;
/*!40111 SET @OLD_SQL_NOTES=@@SQL_NOTES, SQL_NOTES=0 */;

--
-- Table structure for table `achievement`
--

DROP TABLE IF EXISTS `achievement`;
/*!40101 SET @saved_cs_client     = @@character_set_client */;
/*!50503 SET character_set_client = utf8mb4 */;
CREATE TABLE `achievement` (
  `id` bigint NOT NULL AUTO_INCREMENT,
  `created_at` datetime(6) DEFAULT NULL,
  `updated_at` datetime(6) DEFAULT NULL,
  `detail` tinytext,
  `goal` float DEFAULT NULL,
  `grade` int DEFAULT NULL,
  `name` varchar(50) DEFAULT NULL,
  `achievement_type_id` bigint NOT NULL,
  PRIMARY KEY (`id`),
  KEY `FKk9o1m5wex1v9og972gbd7whex` (`achievement_type_id`),
  CONSTRAINT `FKk9o1m5wex1v9og972gbd7whex` FOREIGN KEY (`achievement_type_id`) REFERENCES `achievement_type` (`id`)
) ENGINE=InnoDB AUTO_INCREMENT=10011 DEFAULT CHARSET=utf8mb4 COLLATE=utf8mb4_0900_ai_ci;
/*!40101 SET character_set_client = @saved_cs_client */;

--
-- Dumping data for table `achievement`
--

LOCK TABLES `achievement` WRITE;
/*!40000 ALTER TABLE `achievement` DISABLE KEYS */;
INSERT INTO `achievement` VALUES (0,NULL,NULL,'환영합니다!',0,1,'환영합니다!',0),(1,NULL,NULL,'달리기를 시작해 보세요!',0.1,1,'러닝 첫걸음',1),(2,NULL,NULL,'3km 달리기',3,2,'응애 나 애기 러너',1),(3,NULL,NULL,'5km 달리기',5,3,'뚜벅뚜벅 초보 러너',1),(4,NULL,NULL,'1시간 달리기',1,1,'한시간 달렸다!',2),(5,NULL,NULL,'3시간 달리기',2,2,'하루의 1/8 달리기',2),(6,NULL,NULL,'5시간 달리기',3,3,'차로 갔으면 서울 도착',2),(7,NULL,NULL,'1명과 친구 되기',1,1,'혼자 즐기긴 싫어',3),(8,NULL,NULL,'3명과 친구 되기',3,2,'친구랑 4인전도 가능해',3),(9,NULL,NULL,'5명과 친구 되기',5,3,'친구는 많을 수록 좋아',3),(10,NULL,NULL,'달린 시간 뒷자리가 77!',1,1,'행운의 숫자!',4),(11,NULL,NULL,'10km 달리기',10,4,'이제 나도 어엿한 러너',1),(12,NULL,NULL,'20km 달리기',20,5,'나는 오늘도 달린다',1),(13,NULL,NULL,'30km 달리기',30,6,'러닝.. 그것이 나의 삶',1),(14,NULL,NULL,'10명과 친구 되기',10,4,'러닝 동호회',3),(15,NULL,NULL,'20명과 친구 되기',20,5,'내가 바로 인싸 러너',3),(16,NULL,NULL,'10시간 달리기',10,4,'10시간도 껌이지',2),(17,NULL,NULL,'20시간 달리기',20,5,'좀만 더 달리면 하루',2),(10003,NULL,NULL,'1',123,1,'123',0),(10004,NULL,NULL,'1',123,1,'123',0),(10005,NULL,NULL,'1',123,1,'123',0),(10006,NULL,NULL,'1',123,1,'123',0),(10007,NULL,NULL,'1',123,1,'123',0),(10008,NULL,NULL,'1',123,1,'123',0),(10009,NULL,NULL,'1',123,1,'123',0),(10010,NULL,NULL,'1',123,1,'123',0);
/*!40000 ALTER TABLE `achievement` ENABLE KEYS */;
UNLOCK TABLES;

--
-- Table structure for table `achievement_type`
--

DROP TABLE IF EXISTS `achievement_type`;
/*!40101 SET @saved_cs_client     = @@character_set_client */;
/*!50503 SET character_set_client = utf8mb4 */;
CREATE TABLE `achievement_type` (
  `id` bigint NOT NULL AUTO_INCREMENT,
  `created_at` datetime(6) DEFAULT NULL,
  `updated_at` datetime(6) DEFAULT NULL,
  `criteria` enum('DISTANCE','DURATION','COUNT_FRIENDS','COUNT_WINS','DOUBLE_SEVEN_DURATION') CHARACTER SET utf8mb4 COLLATE utf8mb4_0900_ai_ci DEFAULT NULL,
  `final_grade` int DEFAULT NULL,
  `is_hidden` bit(1) DEFAULT b'0',
  PRIMARY KEY (`id`)
) ENGINE=InnoDB AUTO_INCREMENT=1004 DEFAULT CHARSET=utf8mb4 COLLATE=utf8mb4_0900_ai_ci;
/*!40101 SET character_set_client = @saved_cs_client */;

--
-- Dumping data for table `achievement_type`
--

LOCK TABLES `achievement_type` WRITE;
/*!40000 ALTER TABLE `achievement_type` DISABLE KEYS */;
INSERT INTO `achievement_type` VALUES (0,NULL,NULL,'DISTANCE',1,_binary '\0'),(1,NULL,NULL,'DISTANCE',6,_binary '\0'),(2,NULL,NULL,'DURATION',5,_binary '\0'),(3,NULL,NULL,'COUNT_FRIENDS',5,_binary '\0'),(4,NULL,NULL,'DOUBLE_SEVEN_DURATION',1,_binary '');
/*!40000 ALTER TABLE `achievement_type` ENABLE KEYS */;
UNLOCK TABLES;

--
-- Table structure for table `character`
--

DROP TABLE IF EXISTS `character`;
/*!40101 SET @saved_cs_client     = @@character_set_client */;
/*!50503 SET character_set_client = utf8mb4 */;
CREATE TABLE `character` (
  `id` bigint NOT NULL AUTO_INCREMENT,
  `created_at` datetime(6) DEFAULT NULL,
  `updated_at` datetime(6) DEFAULT NULL,
  `detail` tinytext,
  `img_url` tinytext,
  `name` varchar(30) DEFAULT NULL,
  `achievement_id` bigint DEFAULT NULL,
  PRIMARY KEY (`id`),
  UNIQUE KEY `UK_aw01npht7v97w6bssh10or25x` (`achievement_id`),
  CONSTRAINT `FKgwvcnlhwxdgvd2nfc3lml84cb` FOREIGN KEY (`achievement_id`) REFERENCES `achievement` (`id`)
) ENGINE=InnoDB AUTO_INCREMENT=21 DEFAULT CHARSET=utf8mb4 COLLATE=utf8mb4_0900_ai_ci;
/*!40101 SET character_set_client = @saved_cs_client */;

--
-- Dumping data for table `character`
--

LOCK TABLES `character` WRITE;
/*!40000 ALTER TABLE `character` DISABLE KEYS */;
INSERT INTO `character` VALUES (1,NULL,NULL,'부엉이 아님','https://dl06ulexuxmdt.cloudfront.net/character_img/owl.png','올빼미',0),(2,NULL,NULL,'반갑다. 나는 고양-이라고 한다.','https://dl06ulexuxmdt.cloudfront.net/character_img/cat.png','고양이',1),(3,NULL,NULL,'머리에 바르면 안 됨','https://dl06ulexuxmdt.cloudfront.net/character_img/moose.png','무스',2),(4,NULL,NULL,'성은 벨 이름은 루가','https://dl06ulexuxmdt.cloudfront.net/character_img/beluga.png','벨루가',3),(5,NULL,NULL,'차인표','https://dl06ulexuxmdt.cloudfront.net/character_img/snowLeopard.png','설표',4),(6,NULL,NULL,'내래 스라소니야','https://dl06ulexuxmdt.cloudfront.net/character_img/lynx.png','스라소니',5),(7,NULL,NULL,'보리차를 사랑한 아나콘다','https://dl06ulexuxmdt.cloudfront.net/character_img/anaconda.png','아나콘다',6),(8,NULL,NULL,'베타카 ㅋㅋ','https://dl06ulexuxmdt.cloudfront.net/character_img/alpaca.png','알파카',7),(9,NULL,NULL,'진짜 고트','https://dl06ulexuxmdt.cloudfront.net/character_img/goat.png','염소',8),(10,NULL,NULL,'우끼끼','https://dl06ulexuxmdt.cloudfront.net/character_img/monkey.png','원숭이',9),(11,NULL,NULL,'맛있는 용가리 치킨','https://dl06ulexuxmdt.cloudfront.net/character_img/dragon.png','드래곤',10),(12,NULL,NULL,'쿠거를 아시나요?(난 몰랐는데 ㅎ)','https://dl06ulexuxmdt.cloudfront.net/character_img/cougar.png','쿠거',11),(13,NULL,NULL,'선생님 존함이 허숙자희자 맞으실까요?','https://dl06ulexuxmdt.cloudfront.net/character_img/husky.png','허스키',12),(14,NULL,NULL,'다리가 짧아 슬픈 레비아탄','https://dl06ulexuxmdt.cloudfront.net/character_img/leviathan.png','레비아탄',13),(15,NULL,NULL,'뿔 달린 말이 없는 게 말이 됨?','https://dl06ulexuxmdt.cloudfront.net/character_img/narwhal.png','일각고래',14),(16,NULL,NULL,'조타수','https://dl06ulexuxmdt.cloudfront.net/character_img/ostrich.png','타조',15),(17,NULL,NULL,'펭하','https://dl06ulexuxmdt.cloudfront.net/character_img/penguin.png','펭귄',16),(20,NULL,NULL,'와이가 불타면?','https://dl06ulexuxmdt.cloudfront.net/character_img/wyvern.png','와이번',17);
/*!40000 ALTER TABLE `character` ENABLE KEYS */;
UNLOCK TABLES;

--
-- Table structure for table `common_code`
--

DROP TABLE IF EXISTS `common_code`;
/*!40101 SET @saved_cs_client     = @@character_set_client */;
/*!50503 SET character_set_client = utf8mb4 */;
CREATE TABLE `common_code` (
  `code` int NOT NULL,
  `created_at` datetime(6) DEFAULT NULL,
  `updated_at` datetime(6) DEFAULT NULL,
  `name` varchar(20) NOT NULL,
  PRIMARY KEY (`code`)
) ENGINE=InnoDB DEFAULT CHARSET=utf8mb4 COLLATE=utf8mb4_0900_ai_ci;
/*!40101 SET character_set_client = @saved_cs_client */;

--
-- Dumping data for table `common_code`
--

LOCK TABLES `common_code` WRITE;
/*!40000 ALTER TABLE `common_code` DISABLE KEYS */;
/*!40000 ALTER TABLE `common_code` ENABLE KEYS */;
UNLOCK TABLES;

--
-- Table structure for table `current_achievement`
--

DROP TABLE IF EXISTS `current_achievement`;
/*!40101 SET @saved_cs_client     = @@character_set_client */;
/*!50503 SET character_set_client = utf8mb4 */;
CREATE TABLE `current_achievement` (
  `created_at` datetime(6) DEFAULT NULL,
  `updated_at` datetime(6) DEFAULT NULL,
  `current_grade` int DEFAULT '1',
  `is_received` bit(1) DEFAULT b'0',
  `progress` float DEFAULT '0',
  `achievement_type_id` bigint NOT NULL,
  `member_id` bigint NOT NULL,
  PRIMARY KEY (`achievement_type_id`,`member_id`),
  KEY `FKht6q9qu6j5inu0ngllbjatb1v` (`member_id`),
  CONSTRAINT `FKht6q9qu6j5inu0ngllbjatb1v` FOREIGN KEY (`member_id`) REFERENCES `member` (`id`),
  CONSTRAINT `FKs2t7t259otgyxjnpm40wbtjnh` FOREIGN KEY (`achievement_type_id`) REFERENCES `achievement_type` (`id`)
) ENGINE=InnoDB DEFAULT CHARSET=utf8mb4 COLLATE=utf8mb4_0900_ai_ci;
/*!40101 SET character_set_client = @saved_cs_client */;

--
-- Dumping data for table `current_achievement`
--

LOCK TABLES `current_achievement` WRITE;
/*!40000 ALTER TABLE `current_achievement` DISABLE KEYS */;
INSERT INTO `current_achievement` VALUES ('2024-05-14 15:06:52.742454','2024-05-20 04:14:06.718068',3,_binary '',9140.44,1,7),('2024-05-14 15:19:27.619487','2024-05-20 09:05:55.953127',2,_binary '\0',12.36,1,8),('2024-05-14 15:29:34.621948','2024-05-14 15:29:34.621948',1,_binary '\0',0,1,9),('2024-05-14 15:47:40.981234','2024-05-20 09:26:07.738520',1,_binary '\0',12.68,1,10),('2024-05-15 01:15:47.775967','2024-05-20 03:06:09.335548',1,_binary '\0',0,1,12),('2024-05-16 11:28:23.154307','2024-05-16 11:28:23.154307',1,_binary '\0',0,1,13),('2024-05-18 17:41:05.530265','2024-05-20 02:37:44.949097',1,_binary '\0',0,1,14),('2024-05-19 13:37:27.578872','2024-05-20 04:59:18.049362',3,_binary '\0',3,1,15),('2024-05-19 21:48:20.524289','2024-05-19 21:48:20.524289',1,_binary '\0',0,1,16),('2024-05-20 00:19:58.331124','2024-05-20 00:19:58.331124',1,_binary '\0',0,1,17),('2024-05-14 15:06:52.749087','2024-05-20 04:14:06.718282',1,_binary '\0',0.456439,2,7),('2024-05-14 15:19:27.622510','2024-05-20 09:05:55.953287',1,_binary '\0',0.15463,2,8),('2024-05-14 15:29:34.623773','2024-05-14 15:29:34.623773',1,_binary '\0',0,2,9),('2024-05-14 15:47:40.982778','2024-05-20 09:26:07.742620',1,_binary '\0',0.23784,2,10),('2024-05-15 01:15:47.778172','2024-05-20 03:06:09.339244',1,_binary '\0',0,2,12),('2024-05-16 11:28:23.160346','2024-05-16 11:28:23.160346',1,_binary '\0',0,2,13),('2024-05-18 17:41:05.532647','2024-05-20 02:37:44.949371',1,_binary '\0',0,2,14),('2024-05-19 13:37:27.580370','2024-05-20 04:59:18.049560',1,_binary '\0',0.250843,2,15),('2024-05-19 21:48:20.525917','2024-05-19 21:48:20.525917',1,_binary '\0',0,2,16),('2024-05-20 00:19:58.333230','2024-05-20 00:19:58.333230',1,_binary '\0',0,2,17),('2024-05-14 15:06:52.751583','2024-05-20 04:14:06.718437',2,_binary '\0',2,3,7),('2024-05-14 15:19:27.628751','2024-05-20 09:05:55.953380',1,_binary '\0',1,3,8),('2024-05-14 15:29:34.626237','2024-05-14 15:29:34.626237',1,_binary '\0',0,3,9),('2024-05-14 15:47:40.984424','2024-05-20 09:26:07.743213',1,_binary '\0',1,3,10),('2024-05-15 01:15:47.780025','2024-05-20 03:06:09.339481',1,_binary '\0',0,3,12),('2024-05-16 11:28:23.162212','2024-05-16 11:28:23.162212',1,_binary '\0',0,3,13),('2024-05-18 17:41:05.534665','2024-05-20 02:37:44.949536',1,_binary '\0',0,3,14),('2024-05-19 13:37:27.582137','2024-05-20 04:59:18.049668',2,_binary '\0',1,3,15),('2024-05-19 21:48:20.527348','2024-05-19 21:48:20.527348',1,_binary '\0',0,3,16),('2024-05-20 00:19:58.334981','2024-05-20 00:19:58.334981',1,_binary '\0',0,3,17),('2024-05-14 15:47:40.984424','2024-05-20 09:26:07.743403',1,_binary '\0',0,4,10),('2024-05-18 17:41:05.536940','2024-05-20 02:37:44.950019',1,_binary '\0',0,4,14),('2024-05-19 13:37:27.583485','2024-05-20 04:59:18.049769',1,_binary '\0',0,4,15),('2024-05-19 21:48:20.528720','2024-05-19 21:48:20.528720',1,_binary '\0',0,4,16),('2024-05-20 00:19:58.336826','2024-05-20 00:19:58.336826',1,_binary '\0',0,4,17);
/*!40000 ALTER TABLE `current_achievement` ENABLE KEYS */;
UNLOCK TABLES;

--
-- Table structure for table `friend`
--

DROP TABLE IF EXISTS `friend`;
/*!40101 SET @saved_cs_client     = @@character_set_client */;
/*!50503 SET character_set_client = utf8mb4 */;
CREATE TABLE `friend` (
  `id` bigint NOT NULL AUTO_INCREMENT,
  `created_at` datetime(6) DEFAULT NULL,
  `updated_at` datetime(6) DEFAULT NULL,
  `status` enum('pending','accepted','rejected') DEFAULT NULL,
  `addressee_id` bigint NOT NULL,
  `requester_id` bigint NOT NULL,
  PRIMARY KEY (`id`),
  KEY `FKqo8gn5h01ubh6we0j53hsmxka` (`addressee_id`),
  KEY `FKiu48cnyd03bacq920a8m2xilw` (`requester_id`),
  CONSTRAINT `FKiu48cnyd03bacq920a8m2xilw` FOREIGN KEY (`requester_id`) REFERENCES `member` (`id`),
  CONSTRAINT `FKqo8gn5h01ubh6we0j53hsmxka` FOREIGN KEY (`addressee_id`) REFERENCES `member` (`id`)
) ENGINE=InnoDB AUTO_INCREMENT=21 DEFAULT CHARSET=utf8mb4 COLLATE=utf8mb4_0900_ai_ci;
/*!40101 SET character_set_client = @saved_cs_client */;

--
-- Dumping data for table `friend`
--

LOCK TABLES `friend` WRITE;
/*!40000 ALTER TABLE `friend` DISABLE KEYS */;
INSERT INTO `friend` VALUES (16,'2024-05-19 17:00:36.602193','2024-05-19 23:38:21.095323','accepted',10,7),(17,'2024-05-19 17:02:04.997011','2024-05-19 23:35:00.181969','pending',15,7),(18,'2024-05-19 17:04:09.908159','2024-05-20 01:13:43.900774','accepted',7,8),(19,'2024-05-20 02:13:49.242966','2024-05-20 04:56:02.916441','accepted',15,14),(20,'2024-05-20 04:58:16.255013','2024-05-20 04:58:16.255013','pending',15,10);
/*!40000 ALTER TABLE `friend` ENABLE KEYS */;
UNLOCK TABLES;

--
-- Table structure for table `member`
--

DROP TABLE IF EXISTS `member`;
/*!40101 SET @saved_cs_client     = @@character_set_client */;
/*!50503 SET character_set_client = utf8mb4 */;
CREATE TABLE `member` (
  `id` bigint NOT NULL AUTO_INCREMENT,
  `created_at` datetime(6) DEFAULT NULL,
  `updated_at` datetime(6) DEFAULT NULL,
  `consecutive_games` int DEFAULT '0',
  `email` varchar(100) DEFAULT NULL,
  `fcm_token` varchar(255) DEFAULT NULL,
  `is_deleted` bit(1) DEFAULT b'0',
  `role` enum('USER','ADMIN') DEFAULT NULL,
  `tier_score` int DEFAULT '0',
  `weight` float DEFAULT NULL,
  `character_id` bigint NOT NULL,
  `nickname` varchar(30) DEFAULT NULL,
  PRIMARY KEY (`id`),
  UNIQUE KEY `UK_mbmcqelty0fbrvxp1q58dn57t` (`email`),
  KEY `FKalkkf9bdf5p24y4kl8dhomv7v` (`character_id`),
  CONSTRAINT `FKalkkf9bdf5p24y4kl8dhomv7v` FOREIGN KEY (`character_id`) REFERENCES `character` (`id`)
) ENGINE=InnoDB AUTO_INCREMENT=18 DEFAULT CHARSET=utf8mb4 COLLATE=utf8mb4_0900_ai_ci;
/*!40101 SET character_set_client = @saved_cs_client */;

--
-- Dumping data for table `member`
--

LOCK TABLES `member` WRITE;
/*!40000 ALTER TABLE `member` DISABLE KEYS */;
INSERT INTO `member` VALUES (7,'2024-05-14 15:06:52.658571','2024-05-20 09:24:49.935736',0,'chlehgns123@naver.com','f1XvDLukRNSfqzdnG9io5U:APA91bF11GbYrgve6yC3fS7Es6EvwRufRXVTDxDiUrP1dYdWH7ncCjYgAS3Br19aqY2bR5rAXwO07ZMSABmialWDShODNrIPvpra2i16WUQ-VVuV2EUyw3PORH78GbHhNTBdZEV0HCVy',_binary '\0',NULL,700,65,1,'도훈'),(8,'2024-05-14 15:19:27.606131','2024-05-20 09:27:14.505079',0,'qkrwnl0517@gmail.com','fjfsnwccTce5rqMhY3w85s:APA91bH5ub0IjHNzx0CXZHStqR0mGYHJmN3MkNBPXZW-yLJeM4Unv4kTgK1jF-E93iaM6Bwwcs2rbUjLxmG551j4H3zdzhx9ueH2DAlRmp9utWc4bzo4a3zNZlqAVU7hOBWafKoSOyC1',_binary '\0',NULL,700,95,1,'예지'),(9,'2024-05-14 15:29:34.612483','2024-05-14 15:29:34.632772',0,'kwon2566@naver.com','dXsq8hXNQBe-ItZwMBfmSi:APA91bGe9xr3xZHb7U5k1Sj_-GHeRmqHX9RYX4HBOOvW6HlA-7v-gHEBf6C4yeMgiZZSlUgD93BCMLxqZo68xzkkLJtkBg4jh83DTvQ0KvZ-X_gpfJ66_rpAG0t8cSHTmDHfe8rAaQEQ',_binary '\0',NULL,0,NULL,1,NULL),(10,'2024-05-14 15:47:40.973065','2024-05-20 09:25:32.199485',0,'cuzzzu1318@naver.com','fVQUlipSRbuTztwBHkh94R:APA91bEtcCNBo5uzHOqVZ5Ki0D7FoJQINweWOhbRkd5do4wwH6EBFXE6nMSaRavDM83gB0fd5kWdoaclWKyNxSUXCn548_ApX6wq2oHvnfwL3EcdGBsOek6SkLcR4imRn5AzalPop6JC',_binary '\0',NULL,700,65,1,'정호'),(12,'2024-05-15 01:15:47.760637','2024-05-20 02:04:14.321653',0,'hyunmin266@nate.com','12341',_binary '\0',NULL,700,65,1,'min'),(13,'2024-05-16 11:28:23.120856','2024-05-16 11:28:39.454386',0,'rudgns8285@naver.com','c05lgYNbQ0aaiy1ljrAjfP:APA91bF9e3R_iiArjInR0vEjlIDnrsKEoAk-1qAMTSmqJq6coTNpKKtO4rBIEqRWaYT8QciReXOVbkaqSOycmX3ZwnLHkQoKrkMy24Aye_56Tu_p9Z6YYy3BvWLSfn-IytNvRtbj1nYN',_binary '\0',NULL,700,70,1,'코코치치코치코치'),(14,'2024-05-18 17:41:05.497838','2024-05-20 02:12:12.683948',0,'hslee0912@naver.com','d1LryIN2RU2NjeyD4MTe_u:APA91bE6glGEkbpAZXVNpzCYd2CqMJJYxXvs8TA44vIMCpEjk5s6KBMerI_ioD01j83tQIbTC917qjjHMoE41kph1VUrIC-XlcHLEFfgmjPbU4iMtkhnFM24javFS1-V_Nhr82QdL4qG',_binary '\0',NULL,0,98,1,'리리091'),(15,'2024-05-19 13:37:27.558677','2024-05-20 04:58:23.387464',0,'whgjsgh11@naver.com','dDBN2EYQQ7ummOAuqx__CU:APA91bGNsLgK5I4w1Kmv5zNcahRiz0X4VZQKSalOiVWpxyCg2SG3HHRsWMeB8p1eI4PwdrrdPCZY8RBb8ytqQaB2adpek-5WWmZdn9oje0ZZ48I0GLZhMCx35IpN8BAlKHEcejE25aYg',_binary '\0',NULL,700,65,1,'woojae22'),(16,'2024-05-19 21:48:20.501823','2024-05-19 21:48:43.459135',0,'cjddktkdwk@naver.com','dM_CiDQVQr2NwGB5M_BRqb:APA91bFJQWHY1xH_CgLRDFvl97XgkG6Q3Qavk3El9xri2xSWkGgj5vY0ctRLF0Q9gmqm4bXhcWaY4DGKco3MrjpjwQH2EUqgsiqyfAX6jGZuAEVZ6rRjmULg7Sqmxjxe3-sWnuV0tBm0',_binary '\0',NULL,0,81,1,'펭슈펭슈'),(17,'2024-05-20 00:19:58.308179','2024-05-20 09:13:11.662649',0,'crcho5133@naver.com','erI2iy0VSCSL02yDca6MJe:APA91bHJWNdu_N0KecXuTzRyNz1gBZl_4cGEGsRCbedZ5NuQYMGvIRsHOxO05t4FMo-vEYoy3XVSv3cl4WgEfHxlhzzf4VLwblu1j2dcXm5d6FeaFO5aY-KQg_ifkKeiy6baXhLmED9-',_binary '\0',NULL,700,65,1,'창래');
/*!40000 ALTER TABLE `member` ENABLE KEYS */;
UNLOCK TABLES;

--
-- Table structure for table `notification`
--

DROP TABLE IF EXISTS `notification`;
/*!40101 SET @saved_cs_client     = @@character_set_client */;
/*!50503 SET character_set_client = utf8mb4 */;
CREATE TABLE `notification` (
  `id` bigint NOT NULL AUTO_INCREMENT,
  `created_at` datetime(6) DEFAULT NULL,
  `updated_at` datetime(6) DEFAULT NULL,
  `detail` tinytext,
  `status` enum('UNREAD','READ','DELETED') DEFAULT NULL,
  `target_id` bigint DEFAULT NULL,
  `type` enum('FRIEND','INVITE') DEFAULT NULL,
  `member_id` bigint NOT NULL,
  PRIMARY KEY (`id`),
  KEY `FK1xep8o2ge7if6diclyyx53v4q` (`member_id`),
  CONSTRAINT `FK1xep8o2ge7if6diclyyx53v4q` FOREIGN KEY (`member_id`) REFERENCES `member` (`id`)
) ENGINE=InnoDB AUTO_INCREMENT=78 DEFAULT CHARSET=utf8mb4 COLLATE=utf8mb4_0900_ai_ci;
/*!40101 SET character_set_client = @saved_cs_client */;

--
-- Dumping data for table `notification`
--

LOCK TABLES `notification` WRITE;
/*!40000 ALTER TABLE `notification` DISABLE KEYS */;
INSERT INTO `notification` VALUES (1,'2024-05-16 03:10:31.099113','2024-05-16 03:10:31.099113','jhp205님이 친구요청을 보내셨습니다.','UNREAD',10,'FRIEND',7),(2,'2024-05-18 23:47:11.181533','2024-05-18 23:47:11.181533','dhc205님이 친구요청을 보내셨습니다.','UNREAD',7,'FRIEND',12),(3,'2024-05-19 00:29:23.221030','2024-05-19 00:29:23.221030','dhc205님이 친구요청을 보내셨습니다.','UNREAD',7,'FRIEND',8),(4,'2024-05-19 00:29:26.759742','2024-05-19 00:29:26.759742','riri0912님이 친구요청을 수락하셨습니다.','UNREAD',8,'FRIEND',7),(5,'2024-05-19 14:53:09.264321','2024-05-19 14:53:09.264321','jhp205님이 친구요청을 보내셨습니다.','UNREAD',10,'FRIEND',15),(6,'2024-05-19 14:53:14.279453','2024-05-19 14:53:14.279453','woojae님이 친구요청을 수락하셨습니다.','UNREAD',15,'FRIEND',10),(7,'2024-05-19 14:53:15.045428','2024-05-19 14:53:15.045428','woojae님이 친구요청을 수락하셨습니다.','UNREAD',15,'FRIEND',10),(8,'2024-05-19 14:54:03.871189','2024-05-19 14:54:03.871189','jhp205님이 친구요청을 보내셨습니다.','UNREAD',10,'FRIEND',15),(9,'2024-05-19 14:54:24.862191','2024-05-19 14:54:24.862191','jhp205님이 친구요청을 보내셨습니다.','UNREAD',10,'FRIEND',15),(10,'2024-05-19 14:54:42.812322','2024-05-19 14:54:42.812322','jhp205님이 친구요청을 보내셨습니다.','UNREAD',10,'FRIEND',15),(11,'2024-05-19 14:54:43.012742','2024-05-19 14:54:43.012742','jhp205님이 친구요청을 보내셨습니다.','UNREAD',10,'FRIEND',15),(12,'2024-05-19 16:04:06.258951','2024-05-19 16:04:06.258951','dhc205님이 친구요청을 보내셨습니다.','UNREAD',7,'FRIEND',15),(13,'2024-05-19 16:04:55.560132','2024-05-19 16:04:55.560132','dhc205님이 친구요청을 보내셨습니다.','UNREAD',7,'FRIEND',10),(14,'2024-05-19 16:07:28.153093','2024-05-19 16:07:28.153093','dhc205님이 친구요청을 수락하셨습니다.','UNREAD',7,'FRIEND',10),(15,'2024-05-19 16:10:53.379703','2024-05-19 16:10:53.379703','dhc205님이 친구요청을 보내셨습니다.','UNREAD',7,'FRIEND',10),(16,'2024-05-19 16:11:56.775587','2024-05-19 16:11:56.775587','dhc205님이 친구요청을 보내셨습니다.','UNREAD',7,'FRIEND',10),(17,'2024-05-19 16:12:01.005207','2024-05-19 16:12:01.005207','dhc205님이 친구요청을 수락하셨습니다.','UNREAD',7,'FRIEND',10),(18,'2024-05-19 16:12:53.800828','2024-05-19 16:12:53.800828','dhc205님이 친구요청을 수락하셨습니다.','UNREAD',7,'FRIEND',10),(19,'2024-05-19 16:13:42.699606','2024-05-19 16:13:42.699606','jeongho님이 친구요청을 보내셨습니다.','UNREAD',10,'FRIEND',13),(20,'2024-05-19 16:14:16.042637','2024-05-19 16:14:16.042637','dhc205님이 친구요청을 보내셨습니다.','UNREAD',7,'FRIEND',10),(21,'2024-05-19 16:14:24.645177','2024-05-19 16:14:24.645177','dhc205님이 친구요청을 수락하셨습니다.','UNREAD',7,'FRIEND',10),(22,'2024-05-19 16:15:44.227348','2024-05-19 16:15:44.227348','jeongho님이 친구요청을 보내셨습니다.','UNREAD',10,'FRIEND',13),(23,'2024-05-19 16:16:13.844791','2024-05-19 16:16:13.844791','dhc205님이 친구요청을 보내셨습니다.','UNREAD',7,'FRIEND',10),(24,'2024-05-19 16:16:31.171882','2024-05-19 16:16:31.171882','dhc205님이 친구요청을 보내셨습니다.','UNREAD',7,'FRIEND',8),(25,'2024-05-19 16:16:39.419783','2024-05-19 16:16:39.419783','riri0912님이 친구요청을 수락하셨습니다.','UNREAD',8,'FRIEND',7),(26,'2024-05-19 16:16:41.405953','2024-05-19 16:16:41.405953','jeongho님이 친구요청을 보내셨습니다.','UNREAD',10,'FRIEND',7),(27,'2024-05-19 16:16:48.767203','2024-05-19 16:16:48.767203','dhc205님이 친구요청을 수락하셨습니다.','UNREAD',7,'FRIEND',10),(28,'2024-05-19 16:19:59.459209','2024-05-19 16:19:59.459209','riri0912님이 친구요청을 보내셨습니다.','UNREAD',8,'FRIEND',7),(29,'2024-05-19 16:20:15.797496','2024-05-19 16:20:15.797496','riri0912님이 친구요청을 수락하셨습니다.','UNREAD',8,'FRIEND',7),(30,'2024-05-19 16:27:12.816689','2024-05-19 16:27:12.816689','dhc205님이 친구요청을 보내셨습니다.','UNREAD',7,'FRIEND',10),(31,'2024-05-19 16:27:41.900513','2024-05-19 16:27:41.900513','dhc205님이 친구요청을 수락하셨습니다.','UNREAD',7,'FRIEND',10),(32,'2024-05-19 16:30:33.753581','2024-05-19 16:30:33.753581','dhc205님이 친구요청을 보내셨습니다.','UNREAD',7,'FRIEND',10),(33,'2024-05-19 16:30:34.316859','2024-05-19 16:30:34.316859','dhc205님이 친구요청을 보내셨습니다.','UNREAD',7,'FRIEND',15),(34,'2024-05-19 16:35:43.810222','2024-05-19 16:35:43.810222','dhc205님이 친구요청을 수락하셨습니다.','UNREAD',7,'FRIEND',10),(35,'2024-05-19 16:36:07.145558','2024-05-19 16:36:07.145558','riri0912님이 친구요청을 보내셨습니다.','UNREAD',8,'FRIEND',7),(36,'2024-05-19 16:36:15.170445','2024-05-19 16:36:15.170445','riri0912님이 친구요청을 수락하셨습니다.','UNREAD',8,'FRIEND',7),(37,'2024-05-19 16:39:29.332228','2024-05-19 16:39:29.332228','riri0912님이 친구요청을 보내셨습니다.','UNREAD',8,'FRIEND',7),(38,'2024-05-19 16:39:34.276495','2024-05-19 16:39:34.276495','riri0912님이 친구요청을 수락하셨습니다.','UNREAD',8,'FRIEND',7),(39,'2024-05-19 16:40:05.736132','2024-05-19 16:40:05.736132','dhc205님이 친구요청을 보내셨습니다.','UNREAD',7,'FRIEND',10),(40,'2024-05-19 16:40:10.492955','2024-05-19 16:40:10.492955','dhc205님이 친구요청을 수락하셨습니다.','UNREAD',7,'FRIEND',10),(41,'2024-05-19 16:46:26.864543','2024-05-19 16:46:26.864543','dhc205님이 친구요청을 보내셨습니다.','UNREAD',7,'FRIEND',10),(42,'2024-05-19 16:46:35.500524','2024-05-19 16:46:35.500524','dhc205님이 친구요청을 수락하셨습니다.','UNREAD',7,'FRIEND',10),(43,'2024-05-19 16:47:20.882908','2024-05-19 16:47:20.882908','dhc205님이 친구요청을 수락하셨습니다.','UNREAD',7,'FRIEND',10),(44,'2024-05-19 16:47:34.065633','2024-05-19 16:47:34.065633','dhc205님이 친구요청을 보내셨습니다.','UNREAD',7,'FRIEND',10),(45,'2024-05-19 16:47:44.151812','2024-05-19 16:47:44.151812','dhc205님이 친구요청을 수락하셨습니다.','UNREAD',7,'FRIEND',10),(46,'2024-05-19 16:47:45.530409','2024-05-19 16:47:45.530409','dhc205님이 친구요청을 수락하셨습니다.','UNREAD',7,'FRIEND',10),(47,'2024-05-19 16:48:11.091061','2024-05-19 16:48:11.091061','dhc205님이 친구요청을 보내셨습니다.','UNREAD',7,'FRIEND',10),(48,'2024-05-19 16:48:15.092397','2024-05-19 16:48:15.092397','dhc205님이 친구요청을 수락하셨습니다.','UNREAD',7,'FRIEND',10),(49,'2024-05-19 16:52:37.737115','2024-05-19 16:52:37.737115','dhc205님이 친구요청을 보내셨습니다.','UNREAD',7,'FRIEND',10),(50,'2024-05-19 16:52:47.776003','2024-05-19 16:52:47.776003','dhc205님이 친구요청을 수락하셨습니다.','UNREAD',7,'FRIEND',10),(51,'2024-05-19 16:53:46.788997','2024-05-19 16:53:46.788997','dhc205님이 친구요청을 보내셨습니다.','UNREAD',7,'FRIEND',10),(52,'2024-05-19 16:53:50.202767','2024-05-19 16:53:50.202767','dhc205님이 친구요청을 수락하셨습니다.','UNREAD',7,'FRIEND',10),(53,'2024-05-19 16:54:57.752495','2024-05-19 16:54:57.752495','dhc205님이 친구요청을 보내셨습니다.','UNREAD',7,'FRIEND',10),(54,'2024-05-19 16:57:34.167972','2024-05-19 16:57:34.167972','jeongho님이 친구요청을 보내셨습니다.','UNREAD',10,'FRIEND',7),(55,'2024-05-19 16:59:02.021956','2024-05-19 16:59:02.021956','jeongho님이 친구요청을 보내셨습니다.','UNREAD',10,'FRIEND',7),(56,'2024-05-19 17:00:36.603984','2024-05-19 17:00:36.603984','dhc205님이 친구요청을 보내셨습니다.','UNREAD',7,'FRIEND',10),(57,'2024-05-19 17:02:04.998941','2024-05-19 17:02:04.998941','dhc205님이 친구요청을 보내셨습니다.','UNREAD',7,'FRIEND',15),(58,'2024-05-19 17:04:09.910200','2024-05-19 17:04:09.910200','dhc205님이 친구요청을 보내셨습니다.','UNREAD',7,'FRIEND',8),(59,'2024-05-19 17:10:58.134552','2024-05-19 17:10:58.134552','jeongho님이 친구요청을 보내셨습니다.','UNREAD',10,'FRIEND',7),(60,'2024-05-19 17:11:13.100277','2024-05-19 17:11:13.100277','dhc205님이 친구요청을 수락하셨습니다.','UNREAD',7,'FRIEND',10),(61,'2024-05-19 17:14:03.649773','2024-05-19 17:14:03.649773','riri0912님이 친구요청을 수락하셨습니다.','UNREAD',8,'FRIEND',7),(62,'2024-05-19 17:14:30.907781','2024-05-19 17:14:30.907781','dhc205님이 친구요청을 보내셨습니다.','UNREAD',7,'FRIEND',8),(63,'2024-05-19 17:14:37.566456','2024-05-19 17:14:37.566456','riri0912님이 친구요청을 수락하셨습니다.','UNREAD',8,'FRIEND',7),(64,'2024-05-19 17:14:53.241902','2024-05-19 17:14:53.241902','riri0912님이 친구요청을 보내셨습니다.','UNREAD',8,'FRIEND',7),(65,'2024-05-19 17:14:58.896855','2024-05-19 17:14:58.896855','dhc205님이 친구요청을 수락하셨습니다.','UNREAD',7,'FRIEND',8),(66,'2024-05-19 17:16:00.120825','2024-05-19 17:16:00.120825','riri0912님이 친구요청을 보내셨습니다.','UNREAD',8,'FRIEND',7),(67,'2024-05-19 17:16:12.266158','2024-05-19 17:16:12.266158','dhc205님이 친구요청을 수락하셨습니다.','UNREAD',7,'FRIEND',8),(68,'2024-05-19 17:16:39.285605','2024-05-19 17:16:39.285605','riri0912님이 친구요청을 보내셨습니다.','UNREAD',8,'FRIEND',7),(69,'2024-05-19 17:16:43.485126','2024-05-19 17:16:43.485126','dhc205님이 친구요청을 수락하셨습니다.','UNREAD',7,'FRIEND',8),(70,'2024-05-19 23:34:59.543035','2024-05-19 23:34:59.543035','dhc205님이 친구요청을 보내셨습니다.','UNREAD',7,'FRIEND',15),(71,'2024-05-19 23:34:59.884977','2024-05-19 23:34:59.884977','dhc205님이 친구요청을 보내셨습니다.','UNREAD',7,'FRIEND',10),(72,'2024-05-19 23:38:20.856950','2024-05-19 23:38:20.856950','jeongho님이 친구요청을 수락하셨습니다.','UNREAD',10,'FRIEND',7),(73,'2024-05-20 01:13:41.151355','2024-05-20 01:13:41.151355','riri0912님이 친구요청을 보내셨습니다.','UNREAD',8,'FRIEND',7),(74,'2024-05-20 01:13:43.774585','2024-05-20 01:13:43.774585','dhc205님이 친구요청을 수락하셨습니다.','UNREAD',7,'FRIEND',8),(75,'2024-05-20 02:13:49.244640','2024-05-20 02:13:49.244640','리리091님이 친구요청을 보내셨습니다.','UNREAD',14,'FRIEND',15),(76,'2024-05-20 04:56:02.279808','2024-05-20 04:56:02.279808','woojae22님이 친구요청을 수락하셨습니다.','UNREAD',15,'FRIEND',14),(77,'2024-05-20 04:58:16.256974','2024-05-20 04:58:16.256974','jeongho님이 친구요청을 보내셨습니다.','UNREAD',10,'FRIEND',15);
/*!40000 ALTER TABLE `notification` ENABLE KEYS */;
UNLOCK TABLES;

--
-- Table structure for table `realtime_record`
--

DROP TABLE IF EXISTS `realtime_record`;
/*!40101 SET @saved_cs_client     = @@character_set_client */;
/*!50503 SET character_set_client = utf8mb4 */;
CREATE TABLE `realtime_record` (
  `id` bigint NOT NULL AUTO_INCREMENT,
  `distance` double NOT NULL,
  `idx` int NOT NULL,
  `member_id` bigint DEFAULT NULL,
  `record_id` bigint DEFAULT NULL,
  PRIMARY KEY (`id`),
  KEY `FKhbohx70owvg8bv9ebpr69irew` (`member_id`),
  KEY `FKon9n66juokqga1m4jvjwfnyto` (`record_id`),
  CONSTRAINT `FKhbohx70owvg8bv9ebpr69irew` FOREIGN KEY (`member_id`) REFERENCES `member` (`id`),
  CONSTRAINT `FKon9n66juokqga1m4jvjwfnyto` FOREIGN KEY (`record_id`) REFERENCES `record` (`id`)
) ENGINE=InnoDB AUTO_INCREMENT=2465 DEFAULT CHARSET=utf8mb4 COLLATE=utf8mb4_0900_ai_ci;
/*!40101 SET character_set_client = @saved_cs_client */;

--
-- Dumping data for table `realtime_record`
--

LOCK TABLES `realtime_record` WRITE;
/*!40000 ALTER TABLE `realtime_record` DISABLE KEYS */;
INSERT INTO `realtime_record` VALUES (1,0,1,7,NULL),(2,11.655981861009334,2,7,NULL),(3,14.177601303667037,3,7,NULL),(4,14.380619164733394,4,7,NULL),(5,0,1,7,NULL),(6,0,1,10,NULL),(7,0,2,10,NULL),(8,0,3,10,NULL),(9,0,4,10,NULL),(10,0,5,10,NULL),(11,0,6,10,NULL),(12,0,7,10,NULL),(13,0,8,10,NULL),(14,0,9,10,NULL),(15,0,10,10,NULL),(16,0,11,10,NULL),(17,0,12,10,NULL),(18,0,13,10,NULL),(19,0,14,10,NULL),(20,0,15,10,NULL),(21,0,16,10,NULL),(22,0,17,10,NULL),(23,0,18,10,NULL),(24,0,19,10,NULL),(25,0,20,10,NULL),(26,0,21,10,NULL),(27,0,22,10,NULL),(28,0,23,10,NULL),(29,0,24,10,NULL),(30,0,25,10,NULL),(31,0,26,10,NULL),(32,0,27,10,NULL),(33,0,28,10,NULL),(34,0,29,10,NULL),(35,0,30,10,NULL),(36,0,31,10,NULL),(37,0,32,10,NULL),(38,0,33,10,NULL),(39,0,34,10,NULL),(40,0,35,10,NULL),(41,0,36,10,NULL),(42,0,37,10,NULL),(43,0,38,10,NULL),(44,0,39,10,NULL),(45,0,40,10,NULL),(46,0,41,10,NULL),(47,0,42,10,NULL),(48,0,43,10,NULL),(49,0,44,10,NULL),(50,0,45,10,NULL),(51,0,46,10,NULL),(52,0,47,10,NULL),(53,0,48,10,NULL),(54,0,49,10,NULL),(55,0,50,10,NULL),(56,0,51,10,NULL),(57,0,52,10,NULL),(58,0,53,10,NULL),(59,0,54,10,NULL),(60,0,55,10,NULL),(61,0,56,10,NULL),(62,0,57,10,NULL),(63,0,58,10,NULL),(64,0,59,10,NULL),(65,0,60,10,NULL),(66,0,61,10,NULL),(67,0,62,10,NULL),(68,0,63,10,NULL),(69,0,64,10,NULL),(70,0,65,10,NULL),(71,0,66,10,NULL),(72,0,67,10,NULL),(73,0,1,10,NULL),(74,0,2,10,NULL),(75,0,3,10,NULL),(76,0,4,10,NULL),(77,0,5,10,NULL),(78,0,6,10,NULL),(79,0,7,10,NULL),(80,0,8,10,NULL),(81,0,9,10,NULL),(82,0,10,10,NULL),(83,0,11,10,NULL),(84,29.75680706712322,12,10,NULL),(85,34.70051758619124,13,10,NULL),(86,35.22387346563387,14,10,NULL),(87,46.03873084973542,15,10,NULL),(88,47.30941208719801,16,10,NULL),(89,47.395432473508976,17,10,NULL),(90,255.46348137972308,18,10,NULL),(91,0,1,10,NULL),(92,0,2,10,NULL),(93,0,3,10,NULL),(94,337.6940511362041,4,10,NULL),(95,0,1,10,NULL),(96,0,2,10,NULL),(97,0,3,10,NULL),(98,0,4,10,NULL),(99,191.63665200123987,5,10,NULL),(100,0,1,10,NULL),(101,0,2,10,NULL),(102,0,3,10,NULL),(103,0,4,10,NULL),(104,0,5,10,NULL),(105,0,6,10,NULL),(106,193.87286498982803,7,10,NULL),(107,0,1,8,NULL),(108,0,2,8,NULL),(109,0,3,8,NULL),(110,0,4,8,NULL),(111,0,5,8,NULL),(112,0,6,8,NULL),(113,0,7,8,NULL),(114,0,8,8,NULL),(115,0,9,8,NULL),(116,0,10,8,NULL),(117,0,11,8,NULL),(118,0,12,8,NULL),(119,0,13,8,NULL),(120,0,14,8,NULL),(121,0,15,8,NULL),(122,0,16,8,NULL),(123,0,17,8,NULL),(124,0,18,8,NULL),(125,0,19,8,NULL),(126,0,20,8,NULL),(127,0,21,8,NULL),(128,0,22,8,NULL),(129,0,23,8,NULL),(130,0,24,8,NULL),(131,0,25,8,NULL),(132,0,26,8,NULL),(133,0,27,8,NULL),(134,0,28,8,NULL),(135,0,29,8,NULL),(136,0,30,8,NULL),(137,0,31,8,NULL),(138,0,32,8,NULL),(139,0,33,8,NULL),(140,0,34,8,NULL),(141,0,35,8,NULL),(142,0,36,8,NULL),(143,0,37,8,NULL),(144,0,38,8,NULL),(145,0,39,8,NULL),(146,0,40,8,NULL),(147,0,41,8,NULL),(148,0,42,8,NULL),(149,0,43,8,NULL),(150,0,44,8,NULL),(151,0,45,8,NULL),(152,0,46,8,NULL),(153,0,47,8,NULL),(154,0,48,8,NULL),(155,0,49,8,NULL),(156,0,50,8,NULL),(157,0,51,8,NULL),(158,0,52,8,NULL),(159,0,53,8,NULL),(160,0,54,8,NULL),(161,0,55,8,NULL),(162,0,56,8,NULL),(163,0,57,8,NULL),(164,0,1,8,NULL),(165,0,2,8,NULL),(166,0,3,8,NULL),(167,0,4,8,NULL),(168,0,5,8,NULL),(169,0,6,8,NULL),(170,0,7,8,NULL),(171,0,8,8,NULL),(172,0,9,8,NULL),(173,0,10,8,NULL),(174,0,11,8,NULL),(175,0,12,8,NULL),(176,0,13,8,NULL),(177,0,14,8,NULL),(178,0,15,8,NULL),(179,0,16,8,NULL),(180,0,17,8,NULL),(181,0,18,8,NULL),(182,0,19,8,NULL),(183,0,20,8,NULL),(184,0,21,8,NULL),(185,0,22,8,NULL),(186,0,23,8,NULL),(187,0,24,8,NULL),(188,0,25,8,NULL),(189,0,26,8,NULL),(190,0,27,8,NULL),(191,0,28,8,NULL),(192,0,29,8,NULL),(193,0,30,8,NULL),(194,0,31,8,NULL),(195,0,32,8,NULL),(196,0,33,8,NULL),(197,0,34,8,NULL),(198,0,35,8,NULL),(199,0,36,8,NULL),(200,0,37,8,NULL),(201,0,38,8,NULL),(202,0,39,8,NULL),(203,0,40,8,NULL),(204,0,41,8,NULL),(205,0,42,8,NULL),(206,166.49085042931566,1,8,NULL),(207,29.014892944196514,1,7,NULL),(208,30.174367800579073,2,7,NULL),(209,30.33048069411428,3,7,NULL),(210,30.431080904014404,4,7,NULL),(211,30.5871937983451,5,7,NULL),(212,30.709983105459106,6,7,NULL),(213,30.82130259597132,7,7,NULL),(214,30.921902806703706,8,7,NULL),(215,30.977562551959814,9,7,NULL),(216,31.03322229721592,10,7,NULL),(217,31.07867098810118,11,7,NULL),(218,31.268132917393284,12,7,NULL),(219,31.290396815812116,13,7,NULL),(220,0,1,8,NULL),(221,0,2,8,NULL),(222,0,3,8,NULL),(223,0,4,8,NULL),(224,0,5,8,NULL),(225,0,6,8,NULL),(226,0,7,8,NULL),(227,0,8,8,NULL),(228,0,9,8,NULL),(229,0,10,8,NULL),(230,0,11,8,NULL),(231,0,12,8,NULL),(232,0,13,8,NULL),(233,0,14,8,NULL),(234,0,15,8,NULL),(235,0,16,8,NULL),(236,0,17,8,NULL),(237,0,18,8,NULL),(238,0,19,8,NULL),(239,0,20,8,NULL),(240,0,21,8,NULL),(241,0,22,8,NULL),(242,0,23,8,NULL),(243,0,24,8,NULL),(244,0,25,8,NULL),(245,0,26,8,NULL),(246,0,27,8,NULL),(247,0,28,8,NULL),(248,31.17773820131109,29,8,NULL),(249,38.83192684916292,30,8,NULL),(250,105.54318118913956,31,8,NULL),(251,5.370194805648884,1,7,NULL),(252,6.851463474975916,2,7,NULL),(253,6.946605570970732,3,7,NULL),(254,6.9609824971053165,4,7,NULL),(255,7.078099702498631,5,7,NULL),(256,7.141755939744809,6,7,NULL),(257,8.046734691272357,7,7,NULL),(258,8.72638014073064,8,7,NULL),(259,8.76441151393511,9,7,NULL),(260,8.833637471186437,10,7,NULL),(261,8.919640408588299,11,7,NULL),(262,10.253580435900489,12,7,NULL),(263,11.148247492628554,13,7,NULL),(264,11.19508031247618,14,7,NULL),(265,11.310095719889716,15,7,NULL),(266,11.414550609651132,16,7,NULL),(267,12.35403376035872,17,7,NULL),(268,12.645386194674446,18,7,NULL),(269,12.877228599477451,19,7,NULL),(270,12.97237070148455,20,7,NULL),(271,13.090279252563375,21,7,NULL),(272,13.221958106513622,22,7,NULL),(273,13.315623743000929,23,7,NULL),(274,13.380276118026828,24,7,NULL),(275,13.391408067236243,25,7,NULL),(276,13.405784992733377,26,7,NULL),(277,13.969740611227811,27,7,NULL),(278,14.247748134095895,28,7,NULL),(279,14.366023637399575,29,7,NULL),(280,14.450879476833183,30,7,NULL),(281,14.550958749806544,31,7,NULL),(282,14.635814589240152,32,7,NULL),(283,14.769882783821505,33,7,NULL),(284,14.850694436379042,34,7,NULL),(285,15.017608734076482,35,7,NULL),(286,15.055665687904213,36,7,NULL),(287,16.84228641570068,37,7,NULL),(288,17.388344886296494,38,7,NULL),(289,17.64838954905193,39,7,NULL),(290,17.74739884645123,40,7,NULL),(291,10.753462810531603,1,10,NULL),(292,21.929939686275198,2,10,NULL),(293,22.553328834883764,3,10,NULL),(294,22.798231715118007,4,10,NULL),(295,32.79472198890097,5,10,NULL),(296,33.78546545667444,6,10,NULL),(297,33.86338910034938,7,10,NULL),(298,34.48677824895795,8,10,NULL),(299,45.25137300869897,9,10,NULL),(300,46.1641928327975,10,10,NULL),(301,46.20872062963516,11,10,NULL),(302,56.47237768048926,12,10,NULL),(303,56.6059610694203,13,10,NULL),(304,56.63935691625759,14,10,NULL),(305,66.37981236059689,15,10,NULL),(306,67.40395167520764,16,10,NULL),(307,68.19432006037549,17,10,NULL),(308,78.97004676932592,18,10,NULL),(309,79.01457456616359,19,10,NULL),(310,79.03683846379145,20,10,NULL),(311,79.0479704122099,21,10,NULL),(312,90.01294025534752,22,10,NULL),(313,90.03520415297537,23,10,NULL),(314,90.0463361021848,24,10,NULL),(315,100.23206950936394,25,10,NULL),(316,52.991792434504724,1,7,NULL),(317,53.387122681777946,2,7,NULL),(318,53.93878278821218,3,7,NULL),(319,54.08610913170639,4,7,NULL),(320,54.12251772534441,5,7,NULL),(321,54.14072202086992,6,7,NULL),(322,54.14072202086992,7,7,NULL),(323,76.06774988934153,8,7,NULL),(324,141.00870853073448,9,7,NULL),(325,0,1,8,NULL),(326,0,2,8,NULL),(327,0,3,8,NULL),(328,0,4,8,NULL),(329,0,5,8,NULL),(330,0,6,8,NULL),(331,0,7,8,NULL),(332,0,8,8,NULL),(333,0,9,8,NULL),(334,0,10,8,NULL),(335,0,11,8,NULL),(336,0,12,8,NULL),(337,0,13,8,NULL),(338,0,14,8,NULL),(339,0,15,8,NULL),(340,0,16,8,NULL),(341,0,17,8,NULL),(342,0,18,8,NULL),(343,0,19,8,NULL),(344,0,20,8,NULL),(345,0,21,8,NULL),(346,0,1,8,NULL),(347,0,2,8,NULL),(348,0,3,8,NULL),(349,185.5655321805017,1,7,NULL),(350,0,1,8,NULL),(351,0,2,8,NULL),(352,0,1,7,NULL),(353,0,2,7,NULL),(354,0,3,7,NULL),(355,0,4,7,NULL),(356,93.76354316836216,5,7,NULL),(357,123.71163363984847,6,7,NULL),(358,0,1,8,NULL),(359,0,2,8,NULL),(360,0,3,8,NULL),(361,1492.5030000195036,4,8,NULL),(362,0,1,7,NULL),(363,0,2,7,NULL),(364,0,3,7,NULL),(365,0,4,7,NULL),(366,0,5,7,NULL),(367,0,6,7,NULL),(368,0,7,7,NULL),(369,0,8,7,NULL),(370,0,9,7,NULL),(371,1234.7283447186066,1,8,NULL),(372,0,1,7,NULL),(373,0,2,7,NULL),(374,0,3,7,NULL),(375,0,4,7,NULL),(376,0,5,7,NULL),(377,0,6,7,NULL),(378,0,7,7,NULL),(379,575.1275091876889,1,8,NULL),(380,0,1,7,NULL),(381,0,2,7,NULL),(382,0,3,7,NULL),(383,0,4,7,NULL),(384,0,5,7,NULL),(385,119.81644113547807,1,8,NULL),(386,151.08781359482282,1,7,NULL),(387,0,1,8,NULL),(388,0,2,8,NULL),(389,0,3,8,NULL),(390,0,4,8,NULL),(391,0,5,8,NULL),(392,34.45526367176051,1,7,NULL),(393,34.660572726569555,2,7,NULL),(394,55.91102748507087,3,7,NULL),(395,63.45055464991582,4,7,NULL),(396,92.72786430422224,5,7,NULL),(397,100.83921412549992,6,7,NULL),(398,49.01011874349653,1,7,NULL),(399,98.02023748699305,2,7,NULL),(400,98.02023748699305,3,7,NULL),(401,139.32741952166148,4,7,NULL),(402,0,1,8,NULL),(403,0,2,8,NULL),(404,0,3,8,NULL),(405,0,4,8,NULL),(406,0,5,8,NULL),(407,0,6,8,NULL),(408,0,7,8,NULL),(409,0,8,8,NULL),(410,0,1,10,NULL),(411,0,2,10,NULL),(412,3116.945742211514,3,10,NULL),(413,0,1,8,NULL),(414,0,2,8,NULL),(415,0,1,8,NULL),(416,0,2,8,NULL),(417,0,3,8,NULL),(418,0,4,8,NULL),(419,215.2605655216361,1,7,NULL),(420,0,1,7,160),(421,0,2,7,160),(422,0,1,8,161),(423,0,2,8,161),(424,45.938207198122036,3,7,160),(425,165.8978303493244,4,7,160),(426,0,3,8,161),(427,0,4,8,161),(428,0,5,8,161),(429,0,6,8,161),(430,0,7,8,161),(431,0,8,8,161),(432,0,9,8,161),(433,89.15122069768393,1,7,162),(434,95.33984625283952,2,7,162),(435,96.79790561307784,3,7,162),(436,97.2008398859126,4,7,162),(437,97.31968200336343,5,7,162),(438,97.34698652867195,6,7,162),(439,168.92095529792152,7,7,162),(440,0,1,8,163),(441,0,2,8,163),(442,0,3,8,163),(443,0,4,8,163),(444,0,5,8,163),(445,0,6,8,163),(446,0,7,8,163),(447,0,8,8,163),(448,0,9,8,163),(449,0,10,8,163),(450,0,11,8,163),(451,0,12,8,163),(452,0,13,8,163),(453,0,14,8,163),(454,257.5836254943508,1,8,164),(455,0,1,7,165),(456,0,2,7,165),(457,0,3,7,165),(458,0,4,7,165),(459,0,5,7,165),(460,0,1,8,168),(461,0,2,8,168),(462,0,1,7,170),(463,0,1,8,171),(464,0,2,8,171),(465,0,3,8,171),(466,0,1,7,173),(467,0,1,7,175),(468,0,1,7,177),(469,0,1,8,178),(470,0,1,7,179),(471,0,1,10,180),(472,0,2,10,180),(473,0,3,10,180),(474,0,4,10,180),(475,0,5,10,180),(476,0,6,10,180),(477,0,7,10,180),(478,0,8,10,180),(479,0,9,10,180),(480,0,10,10,180),(481,0,11,10,180),(482,0,12,10,180),(483,0,13,10,180),(484,0,14,10,180),(485,0,15,10,180),(486,0,16,10,180),(487,0,17,10,180),(488,0,18,10,180),(489,0,19,10,180),(490,0,20,10,180),(491,0,21,10,180),(492,0,22,10,180),(493,0,23,10,180),(494,0,24,10,180),(495,0,25,10,180),(496,0,26,10,180),(497,0,27,10,180),(498,0,28,10,180),(499,0,29,10,180),(500,0,30,10,180),(501,0,31,10,180),(502,0,32,10,180),(503,0,33,10,180),(504,0,34,10,180),(505,0,35,10,180),(506,0,36,10,180),(507,0,37,10,180),(508,0,38,10,180),(509,0,39,10,180),(510,0,40,10,180),(511,0,41,10,180),(512,0,42,10,180),(513,0,43,10,180),(514,0,44,10,180),(515,0,45,10,180),(516,0,46,10,180),(517,0,47,10,180),(518,0,48,10,180),(519,0,49,10,180),(520,0,50,10,180),(521,0,51,10,180),(522,0,52,10,180),(523,0,53,10,180),(524,0,54,10,180),(525,0,55,10,180),(526,0,56,10,180),(527,0,57,10,180),(528,0,58,10,180),(529,0,59,10,180),(530,0,60,10,180),(531,0,61,10,180),(532,0,62,10,180),(533,0,63,10,180),(534,0,64,10,180),(535,0,65,10,180),(536,0,66,10,180),(537,0,67,10,180),(538,0,68,10,180),(539,0,69,10,180),(540,0,70,10,180),(541,0,71,10,180),(542,0,72,10,180),(543,0,73,10,180),(544,0,74,10,180),(545,0,75,10,180),(546,0,76,10,180),(547,0,77,10,180),(548,0,78,10,180),(549,0,79,10,180),(550,0,80,10,180),(551,0,81,10,180),(552,0,82,10,180),(553,0,83,10,180),(554,0,84,10,180),(555,0,85,10,180),(556,0,86,10,180),(557,0,87,10,180),(558,0,88,10,180),(559,0,89,10,180),(560,0,90,10,180),(561,0,91,10,180),(562,0,92,10,180),(563,0,93,10,180),(564,0,94,10,180),(565,0,95,10,180),(566,0,96,10,180),(567,0,97,10,180),(568,0,98,10,180),(569,0,99,10,180),(570,0,100,10,180),(571,0,101,10,180),(572,0,102,10,180),(573,0,103,10,180),(574,0,104,10,180),(575,0,105,10,180),(576,0,106,10,180),(577,0,107,10,180),(578,0,108,10,180),(579,0,109,10,180),(580,0,110,10,180),(581,0,111,10,180),(582,0,112,10,180),(583,0,113,10,180),(584,0,114,10,180),(585,0,115,10,180),(586,0,116,10,180),(587,0,117,10,180),(588,0,118,10,180),(589,0,119,10,180),(590,0,120,10,180),(591,0,121,10,180),(592,0,122,10,180),(593,0,123,10,180),(594,0,124,10,180),(595,0,125,10,180),(596,0,126,10,180),(597,0,127,10,180),(598,0,128,10,180),(599,0,129,10,180),(600,0,130,10,180),(601,0,131,10,180),(602,0,132,10,180),(603,0,133,10,180),(604,0,134,10,180),(605,0,135,10,180),(606,0,136,10,180),(607,0,137,10,180),(608,0,138,10,180),(609,0,139,10,180),(610,0,140,10,180),(611,0,141,10,180),(612,0,142,10,180),(613,0,143,10,180),(614,0,144,10,180),(615,0,145,10,180),(616,0,146,10,180),(617,0,147,10,180),(618,0,148,10,180),(619,0,149,10,180),(620,0,150,10,180),(621,0,151,10,180),(622,0,152,10,180),(623,0,153,10,180),(624,0,154,10,180),(625,0,155,10,180),(626,0,156,10,180),(627,0,157,10,180),(628,0,158,10,180),(629,0,159,10,180),(630,0,160,10,180),(631,0,161,10,180),(632,0,162,10,180),(633,0,163,10,180),(634,0,164,10,180),(635,0,165,10,180),(636,0,166,10,180),(637,0,167,10,180),(638,0,168,10,180),(639,0,169,10,180),(640,0,170,10,180),(641,0,171,10,180),(642,0,172,10,180),(643,0,173,10,180),(644,0,174,10,180),(645,0,175,10,180),(646,0,176,10,180),(647,0,177,10,180),(648,0,178,10,180),(649,0,179,10,180),(650,0,180,10,180),(651,0,181,10,180),(652,0,182,10,180),(653,0,183,10,180),(654,0,184,10,180),(655,0,185,10,180),(656,0,186,10,180),(657,0,187,10,180),(658,0,188,10,180),(659,0,189,10,180),(660,0,190,10,180),(661,0,191,10,180),(662,0,192,10,180),(663,0,193,10,180),(664,0,194,10,180),(665,0,195,10,180),(666,0,196,10,180),(667,0,197,10,180),(668,0,198,10,180),(669,0,199,10,180),(670,0,200,10,180),(671,0,201,10,180),(672,0,202,10,180),(673,0,203,10,180),(674,0,204,10,180),(675,0,205,10,180),(676,0,206,10,180),(677,0,207,10,180),(678,0,208,10,180),(679,0,209,10,180),(680,0,210,10,180),(681,0,211,10,180),(682,0,212,10,180),(683,0,213,10,180),(684,0,214,10,180),(685,0,215,10,180),(686,0,216,10,180),(687,0,217,10,180),(688,0,218,10,180),(689,0,219,10,180),(690,0,220,10,180),(691,0,221,10,180),(692,0,222,10,180),(693,0,223,10,180),(694,0,224,10,180),(695,0,225,10,180),(696,0,226,10,180),(697,0,227,10,180),(698,0,228,10,180),(699,0,229,10,180),(700,0,230,10,180),(701,0,231,10,180),(702,0,232,10,180),(703,0,233,10,180),(704,0,234,10,180),(705,0,235,10,180),(706,0,236,10,180),(707,0,237,10,180),(708,0,238,10,180),(709,0,239,10,180),(710,0,240,10,180),(711,0,241,10,180),(712,0,242,10,180),(713,0,243,10,180),(714,0,244,10,180),(715,0,245,10,180),(716,0,246,10,180),(717,0,247,10,180),(718,0,248,10,180),(719,0,249,10,180),(720,0,250,10,180),(721,0,251,10,180),(722,0,252,10,180),(723,0,253,10,180),(724,0,254,10,180),(725,0,255,10,180),(726,0,256,10,180),(727,0,257,10,180),(728,0,258,10,180),(729,0,259,10,180),(730,0,260,10,180),(731,0,261,10,180),(732,0,262,10,180),(733,0,263,10,180),(734,0,264,10,180),(735,0,265,10,180),(736,0,266,10,180),(737,0,267,10,180),(738,0,268,10,180),(739,0,269,10,180),(740,0,270,10,180),(741,0,271,10,180),(742,0,272,10,180),(743,0,273,10,180),(744,0,274,10,180),(745,0,275,10,180),(746,0,276,10,180),(747,0,277,10,180),(748,0,278,10,180),(749,0,279,10,180),(750,0,280,10,180),(751,0,281,10,180),(752,0,282,10,180),(753,0,283,10,180),(754,0,284,10,180),(755,0,285,10,180),(756,0,286,10,180),(757,3094.6818440529114,1,10,181),(758,0,1,10,184),(759,0,2,10,184),(760,0,3,10,184),(761,0,4,10,184),(762,9.98535832378257,5,10,184),(763,11.031761537603122,6,10,184),(764,11.109685181278065,7,10,184),(765,21.4512658758071,8,10,184),(766,22.68691222381481,9,10,184),(767,23.276905524795126,10,10,184),(768,33.529430627230774,11,10,184),(769,34.35319485923592,12,10,184),(770,35.032243753100595,13,10,184),(771,35.28827858254425,14,10,184),(772,45.28476885632721,15,10,184),(773,46.353435967775624,16,10,184),(774,46.54267910196279,17,10,184),(775,56.394454037605286,18,10,184),(776,57.32953776012265,19,10,184),(777,57.48538504668155,20,10,184),(778,57.49651699589097,21,10,184),(779,68.10526446907308,22,10,184),(780,69.17393158052148,23,10,184),(781,69.30751496945253,24,10,184),(782,79.61569981635331,25,10,184),(783,80.66210303017387,26,10,184),(784,80.88474201198927,27,10,184),(785,91.00368372549387,28,10,184),(786,91.76065626303348,29,10,184),(787,91.8831077035461,30,10,184),(788,103.12637627375521,31,10,184),(789,66.34641651217765,1,10,185),(790,66.90301396632069,2,10,185),(791,66.93640981315797,3,10,185),(792,67.62659065544109,4,10,185),(793,68.71752166530834,5,10,185),(794,232.06810894822573,6,10,185),(795,326.80701107935033,1,10,186),(796,252.49321446342276,1,10,188),(797,0,1,10,189),(798,0,2,10,189),(799,0,3,10,189),(800,0,4,10,189),(801,0,5,10,189),(802,0,6,10,189),(803,0,7,10,189),(804,0,1,10,190),(805,0,2,10,190),(806,0,3,10,190),(807,0,4,10,190),(808,0,5,10,190),(809,0,6,10,190),(810,0,7,10,190),(811,0,8,10,190),(812,0,9,10,190),(813,0,10,10,190),(814,0,11,10,190),(815,0,12,10,190),(816,0,13,10,190),(817,0,14,10,190),(818,0,15,10,190),(819,0,16,10,190),(820,0,17,10,190),(821,0,18,10,190),(822,0,19,10,190),(823,0,20,10,190),(824,0,21,10,190),(825,0,22,10,190),(826,0,23,10,190),(827,0,24,10,190),(828,0,1,10,191),(829,0,2,10,191),(830,0,3,10,191),(831,0,4,10,191),(832,0,5,10,191),(833,0,6,10,191),(834,0,7,10,191),(835,0,8,10,191),(836,0,9,10,191),(837,0,10,10,191),(838,0,11,10,191),(839,0,12,10,191),(840,0,13,10,191),(841,0,14,10,191),(842,0,15,10,191),(843,0,16,10,191),(844,0,17,10,191),(845,0,18,10,191),(846,0,19,10,191),(847,0,20,10,191),(848,0,21,10,191),(849,0,22,10,191),(850,0,23,10,191),(851,0,24,10,191),(852,0,25,10,191),(853,0,26,10,191),(854,0,27,10,191),(855,0,28,10,191),(856,0,29,10,191),(857,0,30,10,191),(858,0,1,8,192),(859,0,2,8,192),(860,0,3,8,192),(861,0,4,8,192),(862,0,5,8,192),(863,0,1,7,193),(864,0,2,7,193),(865,0,3,7,193),(866,0,4,7,193),(867,0,5,7,193),(868,0,6,7,193),(869,0,7,7,193),(870,0,8,7,193),(871,0,9,7,193),(872,0,10,7,193),(873,0,11,7,193),(874,0,12,7,193),(875,0,1,10,196),(876,0,2,10,196),(877,0,3,10,196),(878,0,4,10,196),(879,0,5,10,196),(880,0,6,10,196),(881,0,7,10,196),(882,0,8,10,196),(883,0,9,10,196),(884,0,10,10,196),(885,0,11,10,196),(886,0,12,10,196),(887,0,13,10,196),(888,0,14,10,196),(889,0,15,10,196),(890,0,16,10,196),(891,0,17,10,196),(892,0,18,10,196),(893,0,19,10,196),(894,0,20,10,196),(895,0,21,10,196),(896,0,22,10,196),(897,0,23,10,196),(898,0,24,10,196),(899,0,25,10,196),(900,0,26,10,196),(901,0,27,10,196),(902,0,28,10,196),(903,0,29,10,196),(904,0,30,10,196),(905,0,31,10,196),(906,0,32,10,196),(907,0,33,10,196),(908,0,34,10,196),(909,0,35,10,196),(910,0,36,10,196),(911,0,37,10,196),(912,0,38,10,196),(913,0,39,10,196),(914,0,40,10,196),(915,0,41,10,196),(916,0,42,10,196),(917,0,43,10,196),(918,0,44,10,196),(919,0,45,10,196),(920,0,46,10,196),(921,0,47,10,196),(922,0,48,10,196),(923,0,49,10,196),(924,0,50,10,196),(925,0,51,10,196),(926,0,52,10,196),(927,0,53,10,196),(928,0,54,10,196),(929,0,55,10,196),(930,0,56,10,196),(931,0,57,10,196),(932,0,58,10,196),(933,0,59,10,196),(934,0,60,10,196),(935,0,61,10,196),(936,0,62,10,196),(937,0,63,10,196),(938,0,64,10,196),(939,0,65,10,196),(940,0,66,10,196),(941,0,67,10,196),(942,0,68,10,196),(943,0,69,10,196),(944,0,70,10,196),(945,0,71,10,196),(946,0,72,10,196),(947,0,73,10,196),(948,0,74,10,196),(949,0,75,10,196),(950,0,76,10,196),(951,0,77,10,196),(952,0,78,10,196),(953,0,79,10,196),(954,0,80,10,196),(955,0,81,10,196),(956,0,82,10,196),(957,0,83,10,196),(958,0,84,10,196),(959,0,85,10,196),(960,0,86,10,196),(961,0,87,10,196),(962,0,88,10,196),(963,0,89,10,196),(964,0,90,10,196),(965,0,91,10,196),(966,0,92,10,196),(967,0,93,10,196),(968,0,94,10,196),(969,0,95,10,196),(970,0,96,10,196),(971,0,97,10,196),(972,0,98,10,196),(973,0,99,10,196),(974,0,100,10,196),(975,0,101,10,196),(976,0,1,10,202),(977,0,2,10,202),(978,0,3,10,202),(979,0,4,10,202),(980,96.06645492928347,5,10,202),(981,106.40176530080761,6,10,202),(982,2.3009400208169035,1,15,204),(983,3.2413243791983097,2,15,204),(984,7.7641341482157555,3,15,204),(985,8.815831925165481,4,15,204),(986,11.688207159028511,5,15,204),(987,11.812090860615326,6,15,204),(988,11.020629588393708,1,10,205),(989,22.25276620939341,2,10,205),(990,22.898419255629836,3,10,205),(991,23.42162086214463,4,10,205),(992,23.510676455028985,5,10,205),(993,33.32905554304323,6,10,205),(994,34.27527121477001,7,10,205),(995,34.41998655291048,8,10,205),(996,44.77269919664892,9,10,205),(997,46.03060944307547,10,10,205),(998,46.097401137541,11,10,205),(999,56.23860674867345,12,10,205),(1000,56.995579286213065,13,10,205),(1001,57.129162675144116,14,10,205),(1002,57.74141987454327,15,10,205),(1003,68.51714658270274,16,10,205),(1004,69.41883445838282,17,10,205),(1005,69.95316801410702,18,10,205),(1006,79.91626244026172,19,10,205),(1007,80.61757523175426,20,10,205),(1008,80.76229056910375,21,10,205),(1009,92.00555913931288,22,10,205),(1010,93.02969845392361,23,10,205),(1011,93.55290006043842,24,10,205),(1012,103.51599448659313,25,10,205),(1013,5.7258368211331225,1,15,206),(1014,10.375190977823003,2,15,206),(1015,11.111553583520598,3,15,206),(1016,13.98855139473669,4,15,206),(1017,15.17756845175112,5,15,206),(1018,77.57935141777635,6,15,206),(1019,131.32151483711692,7,15,206),(1020,0,1,8,207),(1021,0,2,8,207),(1022,0,3,8,207),(1023,0,4,8,207),(1024,0,1,7,208),(1025,0,2,7,208),(1026,0,3,7,208),(1027,0,4,7,208),(1028,0,5,7,208),(1029,0,6,7,208),(1030,0,7,7,208),(1031,0,8,7,208),(1032,0,9,7,208),(1033,0,10,7,208),(1034,0,11,7,208),(1035,0,12,7,208),(1036,0,13,7,208),(1037,0,14,7,208),(1038,0,15,7,208),(1039,0,16,7,208),(1040,0,17,7,208),(1041,0,18,7,208),(1042,0,19,7,208),(1043,0,20,7,208),(1044,0,21,7,208),(1045,0,22,7,208),(1046,0,23,7,208),(1047,0,24,7,208),(1048,0,25,7,208),(1049,0,26,7,208),(1050,0,27,7,208),(1051,0,28,7,208),(1052,0,29,7,208),(1053,0,30,7,208),(1054,0,31,7,208),(1055,0,32,7,208),(1056,0,33,7,208),(1057,0,34,7,208),(1058,0,35,7,208),(1059,0,36,7,208),(1060,0,37,7,208),(1061,0,38,7,208),(1062,0,39,7,208),(1063,0,40,7,208),(1064,0,41,7,208),(1065,0,42,7,208),(1066,0,43,7,208),(1067,0,44,7,208),(1068,0,45,7,208),(1069,0,46,7,208),(1070,0,47,7,208),(1071,0,48,7,208),(1072,0,49,7,208),(1073,0,50,7,208),(1074,0,51,7,208),(1075,0,52,7,208),(1076,0,53,7,208),(1077,0,54,7,208),(1078,0,55,7,208),(1079,0,56,7,208),(1080,0,57,7,208),(1081,0,58,7,208),(1082,0,59,7,208),(1083,0,60,7,208),(1084,0,61,7,208),(1085,0,62,7,208),(1086,0,63,7,208),(1087,0,64,7,208),(1088,0,65,7,208),(1089,0,66,7,208),(1090,0,67,7,208),(1091,0,68,7,208),(1092,0,69,7,208),(1093,0,70,7,208),(1094,0,71,7,208),(1095,0,72,7,208),(1096,0,73,7,208),(1097,0,74,7,208),(1098,0,75,7,208),(1099,0,76,7,208),(1100,0,77,7,208),(1101,0,78,7,208),(1102,0,79,7,208),(1103,0,80,7,208),(1104,0,81,7,208),(1105,0,82,7,208),(1106,0,83,7,208),(1107,0,84,7,208),(1108,0,85,7,208),(1109,0,86,7,208),(1110,0,87,7,208),(1111,0,88,7,208),(1112,0,89,7,208),(1113,0,90,7,208),(1114,0,91,7,208),(1115,0,92,7,208),(1116,0,93,7,208),(1117,0,94,7,208),(1118,0,95,7,208),(1119,0,96,7,208),(1120,0,97,7,208),(1121,0,98,7,208),(1122,0,99,7,208),(1123,0,100,7,208),(1124,0,101,7,208),(1125,0,102,7,208),(1126,0,1,7,210),(1127,0,1,7,211),(1128,68.19201961390928,2,7,211),(1129,190.42092411437602,3,7,211),(1130,256.39203635995455,4,7,211),(1131,381.2599524818383,5,7,211),(1132,412.6291870099828,6,7,211),(1133,551.2272267154234,7,7,211),(1134,0,1,8,212),(1135,0,2,8,212),(1136,0,3,8,212),(1137,0,4,8,212),(1138,0,5,8,212),(1139,0,6,8,212),(1140,0,7,8,212),(1141,0,8,8,212),(1142,0,9,8,212),(1143,0,10,8,212),(1144,0,11,8,212),(1145,0,12,8,212),(1146,0,13,8,212),(1147,42.310534157564426,1,15,213),(1148,86.51784095242378,2,15,213),(1149,127.12576844650191,3,15,213),(1150,159.5692965269803,4,15,213),(1151,207.84301089746415,5,15,213),(1152,233.7937002110793,6,15,213),(1153,274.5492750266665,7,15,213),(1154,306.88521278457085,8,15,213),(1155,326.49895533605496,9,15,213),(1156,357.40316090056615,10,15,213),(1157,386.9522388959498,11,15,213),(1158,409.99783369225395,12,15,213),(1159,475.8214889219893,13,15,213),(1160,528.6423076452501,14,15,213),(1161,582.5472584622914,15,15,213),(1162,593.5276945447433,16,15,213),(1163,660.464963963878,17,15,213),(1164,681.1595537546157,18,15,213),(1165,690.6554165466111,19,15,213),(1166,748.7184781467395,20,15,213),(1167,763.2644558418606,21,15,213),(1168,768.9801425241004,22,15,213),(1169,773.9373347242633,23,15,213),(1170,823.8793181455424,24,15,213),(1171,841.656434803224,25,15,213),(1172,844.1079014598373,26,15,213),(1173,850.624996434779,27,15,213),(1174,871.8391768083245,28,15,213),(1175,882.1336924394352,29,15,213),(1176,936.2359250969749,30,15,213),(1177,948.8055219203771,31,15,213),(1178,951.085823879721,32,15,213),(1179,952.8030180319646,33,15,213),(1180,959.5835235869716,34,15,213),(1181,976.6422967626839,35,15,213),(1182,996.8335693597413,36,15,213),(1183,1053.4062807490006,37,15,213),(1184,0,1,7,214),(1185,0.894813648600528,2,7,214),(1186,1.0135299104932631,3,7,214),(1187,1.2044986106644076,4,7,214),(1188,1.394114293064408,5,7,214),(1189,1.5144346369036272,6,7,214),(1190,1.5638278873510594,7,7,214),(1191,2.2471580409751546,8,7,214),(1192,2.340365089516776,9,7,214),(1193,2.3834958635039536,10,7,214),(1194,2.3978727878108614,11,7,214),(1195,2.4646644822763872,12,7,214),(1196,3.4190051665515626,13,7,214),(1197,3.8531511809729664,14,7,214),(1198,3.887764159003704,15,7,214),(1199,3.966217137957823,16,7,214),(1200,3.980594062427678,17,7,214),(1201,4.048002564214009,18,7,214),(1202,4.2955946303023955,19,7,214),(1203,4.341085199869789,20,7,214),(1204,4.355462124452998,21,7,214),(1205,4.587954702756258,22,7,214),(1206,4.954282793340294,23,7,214),(1207,5.566772704143239,24,7,214),(1208,5.659061051236374,25,7,214),(1209,5.694284086089547,26,7,214),(1210,5.756275927676966,27,7,214),(1211,5.805669181793641,28,7,214),(1212,5.8200461064760365,29,7,214),(1213,9.042312076152852,30,7,214),(1214,11.027645911486717,31,7,214),(1215,11.841894822256634,32,7,214),(1216,16.413598503105547,33,7,214),(1217,17.638117043286613,34,7,214),(1218,17.702110851267108,35,7,214),(1219,17.751504105944683,36,7,214),(1220,17.772835376044984,37,7,214),(1221,18.26590505505567,38,7,214),(1222,18.471379059259924,39,7,214),(1223,18.551399037791317,40,7,214),(1224,18.56959526945361,41,7,214),(1225,18.59185916708147,42,7,214),(1226,19.26903963836125,43,7,214),(1227,19.358558766480897,44,7,214),(1228,19.372935692955544,45,7,214),(1229,19.39519959137438,46,7,214),(1230,19.6442915674168,47,7,214),(1231,20.369731224809502,48,7,214),(1232,20.623407816446385,49,7,214),(1233,20.719612336841116,50,7,214),(1234,22.637054211617734,51,7,214),(1235,23.45499003524235,52,7,214),(1236,25.426977199162927,53,7,214),(1237,25.712403506135672,54,7,214),(1238,25.72353545534509,55,7,214),(1239,27.81162863943667,56,7,214),(1240,29.40772792310046,57,7,214),(1241,32.09338495330737,58,7,214),(1242,32.79151055431292,59,7,214),(1243,32.963516432096526,60,7,214),(1244,32.998129411384795,61,7,214),(1245,33.06012125372649,62,7,214),(1246,33.51823261262994,63,7,214),(1247,33.73457636134782,64,7,214),(1248,33.80198486374457,65,7,214),(1249,33.82424876137243,66,7,214),(1250,33.833346876436835,67,7,214),(1251,33.84772380208274,68,7,214),(1252,33.86210072712329,69,7,214),(1253,33.871198842210084,70,7,214),(1254,33.88029695729688,71,7,214),(1255,33.88939507238367,72,7,214),(1256,36.267671109417606,73,7,214),(1257,36.856218798604424,74,7,214),(1258,36.88569593120415,75,7,214),(1259,37.00021171486303,76,7,214),(1260,37.114727499060024,77,7,214),(1261,37.16537405151634,78,7,214),(1262,37.179750976368766,79,7,214),(1263,37.194127901221194,80,7,214),(1264,37.21545916917299,81,7,214),(1265,37.23365539935751,82,7,214),(1266,39.136146994548646,83,7,214),(1267,39.40386030101667,84,7,214),(1268,39.4182372267476,85,7,214),(1269,39.47467015481867,86,7,214),(1270,39.53110308228628,87,7,214),(1271,40.780722289810434,88,7,214),(1272,40.98119014729958,89,7,214),(1273,40.992322096509,90,7,214),(1274,41.03037904900923,91,7,214),(1275,41.066771509132494,92,7,214),(1276,41.50763397325431,93,7,214),(1277,41.58559507213993,94,7,214),(1278,41.594693187551385,95,7,214),(1279,41.6128894183743,96,7,214),(1280,41.62198753378575,97,7,214),(1281,43.23053643743824,98,7,214),(1282,43.56311006028022,99,7,214),(1283,43.58716119022001,100,7,214),(1284,43.63029196515986,101,7,214),(1285,43.67295450409055,102,7,214),(1286,43.69700563331931,103,7,214),(1287,43.70813758252873,104,7,214),(1288,43.736891431925784,105,7,214),(1289,43.77492280521595,106,7,214),(1290,43.832430506088855,107,7,214),(1291,44.49994288201859,108,7,214),(1292,45.15510044060762,109,7,214),(1293,45.87146796815549,110,7,214),(1294,46.29182608360635,111,7,214),(1295,46.4913298825046,112,7,214),(1296,47.251793600547515,113,7,214),(1297,47.37562892400474,114,7,214),(1298,47.50625720221445,115,7,214),(1299,47.64159053565866,116,7,214),(1300,47.753281201382094,117,7,214),(1301,48.22847331407117,118,7,214),(1302,48.68658462834778,119,7,214),(1303,48.78728109562594,120,7,214),(1304,48.82250413136946,121,7,214),(1305,48.83688105784411,122,7,214),(1306,49.49954318699283,123,7,214),(1307,49.60928660088796,124,7,214),(1308,49.60928660088796,125,7,214),(1309,49.63333773050165,126,7,214),(1310,49.677865526548345,127,7,214),(1311,50.998778366138005,128,7,214),(1312,52.330406898560234,129,7,214),(1313,52.61551392586025,130,7,214),(1314,53.643600574915354,131,7,214),(1315,54.35265234381119,132,7,214),(1316,55.889701855629404,133,7,214),(1317,56.37241561166859,134,7,214),(1318,56.41044698514788,135,7,214),(1319,56.46684541521407,136,7,214),(1320,56.54476905888901,137,7,214),(1321,56.90568979538909,138,7,214),(1322,56.962088225392066,139,7,214),(1323,57.010190483971954,140,7,214),(1324,57.137935409844644,141,7,214),(1325,57.220500991892095,142,7,214),(1326,57.52449771833883,143,7,214),(1327,57.65521533457013,144,7,214),(1328,57.689828312544954,145,7,214),(1329,57.782972714118216,146,7,214),(1330,57.88681164947191,147,7,214),(1331,58.223854158556136,148,7,214),(1332,58.493488166056515,149,7,214),(1333,58.54988659607575,150,7,214),(1334,58.60628502609498,151,7,214),(1335,58.6958041536348,152,7,214),(1336,58.91865278671423,153,7,214),(1337,59.05710470061657,154,7,214),(1338,59.06823664982599,155,7,214),(1339,59.1246350802696,156,7,214),(1340,59.220839598263204,157,7,214),(1341,59.92354283388762,158,7,214),(1342,60.24032943428931,159,7,214),(1343,60.24942754854765,160,7,214),(1344,60.297529808596614,161,7,214),(1345,60.33556118259012,162,7,214),(1346,61.11581158700678,163,7,214),(1347,61.53858519999954,164,7,214),(1348,61.61073858901037,165,7,214),(1349,61.64413443584765,166,7,214),(1350,61.6775302834759,167,7,214),(1351,62.43355802759428,168,7,214),(1352,62.69551473065081,169,7,214),(1353,62.73864550527168,170,7,214),(1354,62.76739935491652,171,7,214),(1355,62.78873062139763,172,7,214),(1356,62.99916828512057,173,7,214),(1357,63.105824621906955,174,7,214),(1358,63.11695657111638,175,7,214),(1359,63.131333495465796,176,7,214),(1360,63.15538462502443,177,7,214),(1361,63.8345425430168,178,7,214),(1362,64.0815363836815,179,7,214),(1363,64.09063449974202,180,7,214),(1364,64.12011163175087,181,7,214),(1365,64.14886548201916,182,7,214),(1366,64.17112938043799,183,7,214),(1367,64.49339997664539,184,7,214),(1368,64.60619683700166,185,7,214),(1369,64.63959268383894,186,7,214),(1370,64.64869079679863,187,7,214),(1371,65.49647822340569,188,7,214),(1372,65.86428292579994,189,7,214),(1373,65.87541487500937,190,7,214),(1374,65.91994267184702,191,7,214),(1375,65.9533385186843,192,7,214),(1376,65.97738964865796,193,7,214),(1377,66.66906803362015,194,7,214),(1378,66.92574864477596,195,7,214),(1379,66.99254033924149,196,7,214),(1380,67.00691726361924,197,7,214),(1381,67.02824853029136,198,7,214),(1382,68.49825818740578,199,7,214),(1383,68.98559825172129,200,7,214),(1384,69.08689135854446,201,7,214),(1385,69.10822262687826,202,7,214),(1386,69.19665403217175,203,7,214),(1387,70.25947626585828,204,7,214),(1388,70.42153050243773,205,7,214),(1389,70.4359074284873,206,7,214),(1390,70.45723869747981,207,7,214),(1391,70.48599254632741,208,7,214),(1392,71.78099045186256,209,7,214),(1393,72.17284234151141,210,7,214),(1394,72.22743102625489,211,7,214),(1395,72.26548797198919,212,7,214),(1396,72.3035449174493,213,7,214),(1397,74.03757334024496,214,7,214),(1398,74.34150284331463,215,7,214),(1399,74.39373028234547,216,7,214),(1400,74.41506154634361,217,7,214),(1401,74.43639281256665,218,7,214),(1402,75.36788407072139,219,7,214),(1403,75.56738785572428,220,7,214),(1404,75.79741864044094,221,7,214),(1405,75.9172087040683,222,7,214),(1406,76.07542803834983,223,7,214),(1407,76.58397097243106,224,7,214),(1408,76.80835483470032,225,7,214),(1409,76.84474728719937,226,7,214),(1410,77.05246779131559,227,7,214),(1411,77.51616471480617,228,7,214),(1412,77.66347114626942,229,7,214),(1413,77.85485555426868,230,7,214),(1414,78.1007567256539,231,7,214),(1415,78.2480192566215,232,7,214),(1416,78.55123444717712,233,7,214),(1417,79.17426806330393,234,7,214),(1418,79.37974206703726,235,7,214),(1419,79.42518984256222,236,7,214),(1420,79.42518984256222,237,7,214),(1421,79.42518984256222,238,7,214),(1422,80.5343309051065,239,7,214),(1423,80.72553222544992,240,7,214),(1424,80.76014520339238,241,7,214),(1425,80.77834142890875,242,7,214),(1426,80.8006053265366,243,7,214),(1427,81.7734344409894,244,7,214),(1428,81.94262973205528,245,7,214),(1429,81.95700665799541,246,7,214),(1430,81.98105778814306,247,7,214),(1431,82.00981163794002,248,7,214),(1432,82.51048537932833,249,7,214),(1433,82.58819466751487,250,7,214),(1434,82.5972927817732,251,7,214),(1435,82.60639089603156,252,7,214),(1436,82.60639089603156,253,7,214),(1437,83.35029299657583,254,7,214),(1438,83.46032451774494,255,7,214),(1439,83.47145646695435,256,7,214),(1440,83.49550759767327,257,7,214),(1441,83.50988452232733,258,7,214),(1442,84.05736485136428,259,7,214),(1443,84.1963685967847,260,7,214),(1444,84.21769986467919,261,7,214),(1445,84.23207678950328,262,7,214),(1446,84.24117490326903,263,7,214),(1447,86.11570607973385,264,7,214),(1448,86.34104315287524,265,7,214),(1449,86.35217510208467,266,7,214),(1450,86.40788725989876,267,7,214),(1451,86.44427971575638,268,7,214),(1452,88.7578096754914,269,7,214),(1453,89.07427424086474,270,7,214),(1454,89.07427424086474,271,7,214),(1455,89.13322850911163,272,7,214),(1456,89.17128545662722,273,7,214),(1457,90.05196490747913,274,7,214),(1458,90.19285704792284,275,7,214),(1459,90.20398899713226,276,7,214),(1460,90.23346612814595,277,7,214),(1461,90.25479739713846,278,7,214),(1462,91.48061148652992,279,7,214),(1463,91.68491383073155,280,7,214),(1464,91.71366767796385,281,7,214),(1465,91.72276578981521,282,7,214),(1466,91.74502968823404,283,7,214),(1467,92.6508545844035,284,7,214),(1468,92.8001734491573,285,7,214),(1469,92.81455037311706,286,7,214),(1470,0,1,8,215),(1471,0,2,8,215),(1472,0,3,8,215),(1473,0,4,8,215),(1474,0,5,8,215),(1475,0,6,8,215),(1476,0,7,8,215),(1477,0,8,8,215),(1478,0,9,8,215),(1479,0,10,8,215),(1480,0,11,8,215),(1481,0,12,8,215),(1482,0,13,8,215),(1483,0,14,8,215),(1484,0,15,8,215),(1485,0,16,8,215),(1486,0,17,8,215),(1487,0,1,7,216),(1488,0,2,7,216),(1489,0,3,7,216),(1490,0,4,7,216),(1491,0,5,7,216),(1492,0,6,7,216),(1493,0,7,7,216),(1494,0,8,7,216),(1495,0,9,7,216),(1496,0,10,7,216),(1497,0,11,7,216),(1498,0,12,7,216),(1499,0,13,7,216),(1500,5153.801534653414,14,7,216),(1501,0.014376925837194824,1,7,218),(1502,0.032573159178774326,2,7,218),(1503,0.12571756291572614,3,7,218),(1504,1.7022508814994475,4,7,218),(1505,0,1,8,220),(1506,0,2,8,220),(1507,0,3,8,220),(1508,0,4,8,220),(1509,0,5,8,220),(1510,0,6,8,220),(1511,0,7,8,220),(1512,6834.024875881655,8,8,220),(1513,0.029477134776394052,1,7,221),(1514,0.05823098423328463,2,7,221),(1515,0,1,8,222),(1516,0,2,8,222),(1517,0,3,8,222),(1518,0,4,8,222),(1519,0,5,8,222),(1520,0,6,8,222),(1521,0.49534234539891314,1,7,223),(1522,0,1,8,224),(1523,0,2,8,224),(1524,0,3,8,224),(1525,0,4,8,224),(1526,8.492677051779054,5,8,224),(1527,9.956978942424376,6,8,224),(1528,28.461153139190305,7,8,224),(1529,63.7099746805415,8,8,224),(1530,65.27818542167809,9,8,224),(1531,92.34494038138513,10,8,224),(1532,99.73919715265387,11,8,224),(1533,129.67554496587655,12,8,224),(1534,158.373577053934,13,8,224),(1535,160.94764054501988,14,8,224),(1536,191.97408813905838,15,8,224),(1537,194.5307969650456,16,8,224),(1538,194.9238858669463,17,8,224),(1539,262.90930803009525,18,8,224),(1540,343.86905828213685,19,8,224),(1541,354.0005815206127,20,8,224),(1542,458.19261860252004,21,8,224),(1543,469.9316558262363,22,8,224),(1544,547.0910463473491,23,8,224),(1545,62.58487351447666,1,15,225),(1546,115.55229994660132,2,15,225),(1547,145.2551556511202,3,15,225),(1548,159.37302435269282,4,15,225),(1549,207.13663843788058,5,15,225),(1550,268.3479381123624,6,15,225),(1551,324.96876137064834,7,15,225),(1552,0.33827664951674324,1,7,226),(1553,0.8553746007178826,2,7,226),(1554,1.1553789627949183,3,7,226),(1555,1.2118118870305756,4,7,226),(1556,1.6559739202759785,5,7,226),(1557,1.7690089791049741,6,7,226),(1558,1.9933147910990479,7,7,226),(1559,2.184516111370588,8,7,226),(1560,2.387273619974136,9,7,226),(1561,2.4509298569402986,10,7,226),(1562,2.666664920843915,11,7,226),(1563,2.776696440851389,12,7,226),(1564,2.9333787678459533,13,7,226),(1565,3.460355212665771,14,7,226),(1566,6.15524708972388,15,7,226),(1567,6.479223455432178,16,7,226),(1568,6.845418729745879,17,7,226),(1569,0,1,7,227),(1570,0.29260824645073946,2,7,227),(1571,0.35726063699310023,3,7,227),(1572,0.3683925862025167,4,7,227),(1573,1.4634521097170627,1,15,228),(1574,60.73795440402763,2,15,228),(1575,105.96318292754428,3,15,228),(1576,7.22839615302886,1,15,229),(1577,0.5191946710573887,1,7,230),(1578,0.7447883911726172,2,7,230),(1579,1.0459013167025304,3,7,230),(1580,1.3359034183311844,4,7,230),(1581,1.5038711764607595,5,7,230),(1582,4.620562962155366,6,7,230),(1583,5.620661536491921,7,7,230),(1584,5.82066445566522,8,7,230),(1585,5.8479588082470295,9,7,230),(1586,6.026302213576254,10,7,230),(1587,6.037434161994698,11,7,230),(1588,6.54772733619076,12,7,230),(1589,6.623841256564472,13,7,230),(1590,6.9147170971548535,14,7,230),(1591,7.210693672293203,15,7,230),(1592,0,1,8,231),(1593,0,2,8,231),(1594,0,3,8,231),(1595,0,4,8,231),(1596,0,5,8,231),(1597,0,6,8,231),(1598,0,7,8,231),(1599,0,8,8,231),(1600,0,9,8,231),(1601,0,10,8,231),(1602,0,11,8,231),(1603,0,12,8,231),(1604,0,13,8,231),(1605,0,14,8,231),(1606,907.00509017126,15,8,231),(1607,0.36320823176266753,1,7,232),(1608,0.7673763502118321,2,7,232),(1609,1.316093699302556,3,7,232),(1610,2.055140211825685,4,7,232),(1611,2.4173066568351276,5,7,232),(1612,4.293506219129108,6,7,232),(1613,5.210102802429521,7,7,232),(1614,5.430996670143956,8,7,232),(1615,5.790323250797301,9,7,232),(1616,6.583813965017785,10,7,232),(1617,8.004089232814698,11,7,232),(1618,16.79574621954974,12,7,232),(1619,20.097569838307642,13,7,232),(1620,24.786194871697354,14,7,232),(1621,29.105004203790198,15,7,232),(1622,31.095090591677604,16,7,232),(1623,31.43102611007898,17,7,232),(1624,38.702370880309466,18,7,232),(1625,41.31321733699743,19,7,232),(1626,43.72420634179962,20,7,232),(1627,45.42090688881223,21,7,232),(1628,46.2081869994866,22,7,232),(1629,47.40134696491699,23,7,232),(1630,48.18878122542981,24,7,232),(1631,0,1,17,233),(1632,83.39181861696795,2,17,233),(1633,162.43034660126463,3,17,233),(1634,174.3874453403009,4,17,233),(1635,194.26433707556163,5,17,233),(1636,194.26433707556163,6,17,233),(1637,194.26433707556163,7,17,233),(1638,198.74112460301896,8,17,233),(1639,202.412763694663,9,17,233),(1640,209.13869992087209,10,17,233),(1641,209.13869992087209,11,17,233),(1642,209.13869992087209,12,17,233),(1643,224.35922981855185,13,17,233),(1644,242.2081818122766,14,17,233),(1645,246.6423903319838,15,17,233),(1646,253.61481179770567,16,17,233),(1647,268.8614985399447,17,17,233),(1648,280.0854338904015,18,17,233),(1649,285.92270991404786,19,17,233),(1650,289.28409697046334,20,17,233),(1651,289.28409697046334,21,17,233),(1652,289.28409697046334,22,17,233),(1653,300.3970406861128,23,17,233),(1654,300.3970406861128,24,17,233),(1655,300.3970406861128,25,17,233),(1656,312.4598188255132,26,17,233),(1657,323.47483363031097,27,17,233),(1658,323.78864676982863,28,17,233),(1659,414.5707516243932,29,17,233),(1660,496.3492872401636,30,17,233),(1661,505.82968817223383,31,17,233),(1662,509.33567271755066,32,17,233),(1663,512.6933075562557,33,17,233),(1664,513.593883728689,34,17,233),(1665,514.6310414844551,35,17,233),(1666,514.6310414844551,36,17,233),(1667,514.6310414844551,37,17,233),(1668,515.1677818262795,38,17,233),(1669,515.1677818262795,39,17,233),(1670,515.1677818262795,40,17,233),(1671,515.7045221681037,41,17,233),(1672,515.7045221681037,42,17,233),(1673,515.7045221681037,43,17,233),(1674,523.8209088738505,44,17,233),(1675,531.7971023417444,45,17,233),(1676,535.4333319720345,46,17,233),(1677,546.2960171484718,47,17,233),(1678,560.847008802339,48,17,233),(1679,572.245665847238,49,17,233),(1680,580.9638897787771,50,17,233),(1681,591.6250479971931,51,17,233),(1682,601.9048312879917,52,17,233),(1683,607.8208820803778,53,17,233),(1684,766.5327007429686,54,17,233),(1685,917.1458921101924,55,17,233),(1686,993.3828311695665,56,17,233),(1687,993.3828311695665,57,17,233),(1688,993.3828311695665,58,17,233),(1689,1069.7084488163396,59,17,233),(1690,1072.9847952623948,60,17,233),(1691,1073.2456242882604,61,17,233),(1692,1090.9995689666034,62,17,233),(1693,1108.862452882139,63,17,233),(1694,1117.2676898957477,65,17,233),(1695,1115.2224280481457,64,17,233),(1696,1124.9407832331135,67,17,233),(1697,1123.8236673417098,66,17,233),(1698,1126.8949368803956,69,17,233),(1699,1125.9509725944222,68,17,233),(1700,1127.1805525171253,70,17,233),(1701,1130.1065177023572,73,17,233),(1702,1129.1760753724664,72,17,233),(1703,1128.0335799430616,71,17,233),(1704,1130.9033644038095,74,17,233),(1705,1139.380514289135,75,17,233),(1706,1175.0635956346464,76,17,233),(1707,1219.692366155648,77,17,233),(1708,1220.0013707782332,78,17,233),(1709,1220.7029197269505,79,17,233),(1710,1220.8930361613902,80,17,233),(1711,1222.2510862201423,81,17,233),(1712,1239.112392263247,82,17,233),(1713,1263.7525268769252,83,17,233),(1714,1282.022592284549,84,17,233),(1715,1289.2034242131974,85,17,233),(1716,1317.4991035654293,91,17,233),(1717,1353.49441894922,92,17,233),(1718,1302.4723208052867,86,17,233),(1719,1316.164908852938,89,17,233),(1720,1317.4991035654293,90,17,233),(1721,1316.0732643044964,88,17,233),(1722,1383.446732570324,93,17,233),(1723,1392.2550176548061,95,17,233),(1724,1390.7300889085545,94,17,233),(1725,1403.5701040846625,96,17,233),(1726,1413.1320610887071,97,17,233),(1727,1313.085412374726,87,17,233),(1728,1419.9665906152688,98,17,233),(1729,1426.958079830075,99,17,233),(1730,1426.958079830075,100,17,233),(1731,1427.1366353550193,104,17,233),(1732,1426.958079830075,101,17,233),(1733,1441.062243144915,106,17,233),(1734,1426.958079830075,102,17,233),(1735,1433.559594484319,105,17,233),(1736,1426.958079830075,103,17,233),(1737,1451.4343668939798,107,17,233),(1738,1456.932016250014,108,17,233),(1739,1457.159257769276,109,17,233),(1740,1457.1736363647262,110,17,233),(1741,1457.1880149601761,111,17,233),(1742,1457.1991469093855,112,17,233),(1743,1463.302442071032,113,17,233),(1744,1469.6411348803476,114,17,233),(1745,1474.0440690660173,115,17,233),(1746,1476.1214079087679,116,17,233),(1747,1484.8502297869898,117,17,233),(1748,1491.2412441908211,118,17,233),(1749,1492.719149486423,119,17,233),(1750,1519.097768295774,120,17,233),(1751,1665.2562189358014,121,17,233),(1752,1822.2598132139165,122,17,233),(1753,1838.2269058403783,123,17,233),(1754,1850.8117691541959,124,17,233),(1755,1859.4702623101332,125,17,233),(1756,1878.7194128921692,126,17,233),(1757,1884.1710974303323,127,17,233),(1758,1892.162507427288,128,17,233),(1759,1903.2708632416316,129,17,233),(1760,2753.6014813730862,130,17,233),(1761,2753.6014813730862,131,17,233),(1762,2753.6014813730862,132,17,233),(1763,2753.6014813730862,133,17,233),(1764,3607.301932673268,134,17,233),(1765,3607.301932673268,135,17,233),(1766,0,1,8,234),(1767,0,2,8,234),(1768,0,3,8,234),(1769,0,4,8,234),(1770,0,5,8,234),(1771,0,6,8,234),(1772,0,7,8,234),(1773,0,8,8,234),(1774,0,9,8,234),(1775,0,10,8,234),(1776,0.5305883481424415,1,7,235),(1777,0.7244217686052701,2,7,235),(1778,0.9695152428153071,3,7,235),(1779,1.1803112730350953,4,7,235),(1780,1.5467296375427975,5,7,235),(1781,2.8113702589976017,6,7,235),(1782,3.9059543323122687,7,7,235),(1783,4.498779152358903,8,7,235),(1784,4.746687931163498,9,7,235),(1785,5.01963137902987,10,7,235),(1786,6.2539657743110055,11,7,235),(1787,11.875834283674346,12,7,235),(1788,12.482111405952041,13,7,235),(1789,0,1,8,236),(1790,0,2,8,236),(1791,0,3,8,236),(1792,0,4,8,236),(1793,0,5,8,236),(1794,0,6,8,236),(1795,0,7,8,236),(1796,0,8,8,236),(1797,0,9,8,236),(1798,99.45397527477958,10,8,236),(1799,109.47493776399614,11,8,236),(1800,110.7172655278734,12,8,236),(1801,111.9595933593482,13,8,236),(1802,112.49377117061886,14,8,236),(1803,112.6883885637941,15,8,236),(1804,112.74380945189199,16,8,236),(1805,112.76776626339019,17,8,236),(1806,112.77661203650644,18,8,236),(1807,112.77661203650644,19,8,236),(1808,112.77661203650644,20,8,236),(1809,112.77661203650644,21,8,236),(1810,112.77661203650644,22,8,236),(1811,112.77661203650644,23,8,236),(1812,112.77661203650644,24,8,236),(1813,112.77661203650644,25,8,236),(1814,112.77661203650644,26,8,236),(1815,112.77661203650644,27,8,236),(1816,112.77661203650644,28,8,236),(1817,112.77661203650644,29,8,236),(1818,112.77661203650644,30,8,236),(1819,112.77661203650644,31,8,236),(1820,112.77661203650644,32,8,236),(1821,112.77661203650644,33,8,236),(1822,112.77661203650644,34,8,236),(1823,112.77661203650644,35,8,236),(1824,112.77661203650644,36,8,236),(1825,112.77661203650644,37,8,236),(1826,112.77661203650644,38,8,236),(1827,112.77661203650644,39,8,236),(1828,112.77661203650644,40,8,236),(1829,112.77661203650644,41,8,236),(1830,112.77661203650644,42,8,236),(1831,112.77661203650644,43,8,236),(1832,112.77661203650644,44,8,236),(1833,112.77661203650644,45,8,236),(1834,112.77661203650644,46,8,236),(1835,112.77661203650644,47,8,236),(1836,112.77661203650644,48,8,236),(1837,112.77661203650644,49,8,236),(1838,112.77661203650644,50,8,236),(1839,112.77661203650644,51,8,236),(1840,112.77661203650644,52,8,236),(1841,112.77661203650644,53,8,236),(1842,112.77661203650644,54,8,236),(1843,112.77661203650644,55,8,236),(1844,112.77661203650644,56,8,236),(1845,112.77661203650644,57,8,236),(1846,112.77661203650644,58,8,236),(1847,112.77661203650644,59,8,236),(1848,112.77661203650644,60,8,236),(1849,112.77661203650644,61,8,236),(1850,112.77661203650644,62,8,236),(1851,112.77661203650644,63,8,236),(1852,112.77661203650644,64,8,236),(1853,112.77661203650644,65,8,236),(1854,112.77661203650644,66,8,236),(1855,112.77661203650644,67,8,236),(1856,112.77661203650644,68,8,236),(1857,112.77661203650644,69,8,236),(1858,112.77661203650644,70,8,236),(1859,112.77661203650644,71,8,236),(1860,112.77661203650644,72,8,236),(1861,112.77661203650644,73,8,236),(1862,112.77661203650644,74,8,236),(1863,112.77661203650644,75,8,236),(1864,112.77661203650644,76,8,236),(1865,112.77661203650644,77,8,236),(1866,112.77661203650644,78,8,236),(1867,112.77661203650644,79,8,236),(1868,112.77661203650644,80,8,236),(1869,112.77661203650644,81,8,236),(1870,112.77661203650644,82,8,236),(1871,112.77661203650644,83,8,236),(1872,112.77661203650644,84,8,236),(1873,112.77661203650644,85,8,236),(1874,112.77661203650644,86,8,236),(1875,112.77661203650644,87,8,236),(1876,112.77661203650644,88,8,236),(1877,112.77661203650644,89,8,236),(1878,112.77661203650644,90,8,236),(1879,112.77661203650644,91,8,236),(1880,112.77661203650644,92,8,236),(1881,112.77661203650644,93,8,236),(1882,112.77661203650644,94,8,236),(1883,112.77661203650644,95,8,236),(1884,112.77661203650644,96,8,236),(1885,112.77661203650644,97,8,236),(1886,112.77661203650644,98,8,236),(1887,112.77661203650644,99,8,236),(1888,112.77661203650644,100,8,236),(1889,112.77661203650644,101,8,236),(1890,112.77661203650644,102,8,236),(1891,112.77661203650644,103,8,236),(1892,112.77661203650644,104,8,236),(1893,112.77661203650644,105,8,236),(1894,112.77661203650644,106,8,236),(1895,112.77661203650644,107,8,236),(1896,112.77661203650644,108,8,236),(1897,112.77661203650644,109,8,236),(1898,112.77661203650644,110,8,236),(1899,112.77661203650644,111,8,236),(1900,112.77661203650644,112,8,236),(1901,112.77661203650644,113,8,236),(1902,112.77661203650644,114,8,236),(1903,112.77661203650644,115,8,236),(1904,112.77661203650644,116,8,236),(1905,112.77661203650644,117,8,236),(1906,112.77661203650644,118,8,236),(1907,112.77661203650644,119,8,236),(1908,112.77661203650644,120,8,236),(1909,112.77661203650644,121,8,236),(1910,112.77661203650644,122,8,236),(1911,112.77661203650644,123,8,236),(1912,112.77661203650644,124,8,236),(1913,112.77661203650644,125,8,236),(1914,112.77661203650644,126,8,236),(1915,112.77661203650644,127,8,236),(1916,112.77661203650644,128,8,236),(1917,112.77661203650644,129,8,236),(1918,112.77661203650644,130,8,236),(1919,112.77661203650644,131,8,236),(1920,112.77661203650644,132,8,236),(1921,112.77661203650644,133,8,236),(1922,112.77661203650644,134,8,236),(1923,112.77661203650644,135,8,236),(1924,112.77661203650644,136,8,236),(1925,112.77661203650644,137,8,236),(1926,112.77661203650644,138,8,236),(1927,112.77661203650644,139,8,236),(1928,112.77661203650644,140,8,236),(1929,112.77661203650644,141,8,236),(1930,112.77661203650644,142,8,236),(1931,112.77661203650644,143,8,236),(1932,0.830618206161172,1,7,237),(1933,1.170180635818424,2,7,237),(1934,1.3615650632979837,3,7,237),(1935,1.5529494935937074,4,7,237),(1936,2.0190849849399535,5,7,237),(1937,2.1650798373119433,6,7,237),(1938,2.5046422714863152,7,7,237),(1939,5.697878916963591,8,7,237),(1940,6.381054159746083,9,7,237),(1941,6.443046000401893,10,7,237),(1942,6.616268218199234,11,7,237),(1943,6.683059912664759,12,7,237),(1944,9.661667431954948,13,7,237),(1945,10.206003690744417,14,7,237),(1946,10.254105950239056,15,7,237),(1947,10.318758325264696,16,7,237),(1948,12.672117404928557,17,7,237),(1949,14.692161481330709,18,7,237),(1950,14.801699530284496,19,7,237),(1951,18.741953876610733,20,7,237),(1952,21.18047734378581,21,7,237),(1953,26.476153531278342,22,7,237),(1954,27.20181877590557,23,7,237),(1955,27.263810618202783,24,7,237),(1956,27.319522780913726,25,7,237),(1957,27.41466487953664,26,7,237),(1958,27.438716009552653,27,7,237),(1959,27.453092934667215,28,7,237),(1960,27.944692356243596,29,7,237),(1961,28.03835798555381,30,7,237),(1962,28.049489934763226,31,7,237),(1963,28.10171737856072,32,7,237),(1964,28.13974875196873,33,7,237),(1965,28.15088070117815,34,7,237),(1966,28.605717982917902,35,7,237),(1967,28.669374222957494,36,7,237),(1968,28.717476482147216,37,7,237),(1969,28.774984183331846,38,7,237),(1970,28.821816998231625,39,7,237),(1971,28.836193923296594,40,7,237),(1972,29.18991954427765,41,7,237),(1973,29.257385758650297,42,7,237),(1974,29.257385758650297,43,7,237),(1975,29.278717029151693,44,7,237),(1976,29.293093954131642,45,7,237),(1977,29.293093954131642,46,7,237),(1978,29.51594260458675,47,7,237),(1979,29.68565426478631,48,7,237),(1980,29.703850492653675,49,7,237),(1981,29.712948606587357,50,7,237),(1982,29.722046720521043,51,7,237),(1983,29.736423645451396,52,7,237),(1984,29.76590078119185,53,7,237),(1985,29.774998895147927,54,7,237),(1986,29.789375820092456,55,7,237),(1987,29.789375820092456,56,7,237),(1988,29.789375820092456,57,7,237),(1989,29.99230121196853,58,7,237),(1990,30.07493746902963,59,7,237),(1991,30.093133699460445,60,7,237),(1992,30.102231815968775,61,7,237),(1993,30.116608740892048,62,7,237),(1994,30.116608740892048,63,7,237),(1995,30.143903085278936,64,7,237),(1996,30.153001199212618,65,7,237),(1997,30.164133148422035,66,7,237),(1998,30.19361028416249,67,7,237),(1999,30.21180651207463,68,7,237),(2000,30.220904628616548,69,7,237),(2001,30.43998071435687,70,7,237),(2002,30.51609461017609,71,7,237),(2003,30.51609461017609,72,7,237),(2004,30.530471536073716,73,7,237),(2005,30.541603485283133,74,7,237),(2006,30.550701601735486,75,7,237),(2007,30.70005305905628,76,7,237),(2008,30.75576522005598,77,7,237),(2009,30.77014214491549,78,7,237),(2010,30.788338372581343,79,7,237),(2011,30.797436486414266,80,7,237),(2012,30.797436486414266,81,7,237),(2013,30.940988754467426,82,7,237),(2014,30.970465887378143,83,7,237),(2015,30.98159783658756,84,7,237),(2016,30.98159783658756,85,7,237),(2017,30.990695950398095,86,7,237),(2018,30.990695950398095,87,7,237),(2019,31.12000068887018,88,7,237),(2020,31.15805763638576,89,7,237),(2021,31.15805763638576,90,7,237),(2022,31.15805763638576,91,7,237),(2023,31.192670614596004,92,7,237),(2024,31.20704753944843,93,7,237),(2025,31.341979962680604,94,7,237),(2026,31.392626514986087,95,7,237),(2027,31.392626514986087,96,7,237),(2028,31.403758464195505,97,7,237),(2029,31.412856580547096,98,7,237),(2030,31.421954694312852,99,7,237),(2031,31.557786285275082,100,7,237),(2032,31.608432837228616,101,7,237),(2033,31.622809761988943,102,7,237),(2034,31.633941711198357,103,7,237),(2035,31.64303982487455,104,7,237),(2036,31.64303982487455,105,7,237),(2037,31.778871412571334,106,7,237),(2038,31.778871412571334,107,7,237),(2039,31.790003361780748,108,7,237),(2040,31.808199589021182,109,7,237),(2041,31.808199589021182,110,7,237),(2042,31.86459801907834,111,7,237),(2043,31.87369613264258,112,7,237),(2044,31.884828081851992,113,7,237),(2045,31.884828081851992,114,7,237),(2046,31.884828081851992,115,7,237),(2047,31.983614589451566,116,7,237),(2048,31.992712702959828,117,7,237),(2049,32.01497660137866,118,7,237),(2050,32.01497660137866,119,7,237),(2051,32.01497660137866,120,7,237),(2052,32.13325208445252,121,7,237),(2053,32.13325208445252,122,7,237),(2054,32.13325208445252,123,7,237),(2055,32.14235019793839,124,7,237),(2056,32.14235019793839,125,7,237),(2057,32.277282616731966,126,7,237),(2058,32.28841456515041,127,7,237),(2059,32.28841456515041,128,7,237),(2060,32.30661079464082,129,7,237),(2061,32.30661079464082,130,7,237),(2062,32.3843200798691,131,7,237),(2063,32.3843200798691,132,7,237),(2064,32.3843200798691,133,7,237),(2065,32.39341819586244,134,7,237),(2066,32.39341819586244,135,7,237),(2067,32.478743268803484,136,7,237),(2068,32.48784138216621,137,7,237),(2069,32.496939495528935,138,7,237),(2070,32.50807144473835,139,7,237),(2071,32.50807144473835,140,7,237),(2072,32.522448369307384,141,7,237),(2073,32.522448369307384,142,7,237),(2074,32.522448369307384,143,7,237),(2075,32.522448369307384,144,7,237),(2076,32.522448369307384,145,7,237),(2077,32.58644217301931,146,7,237),(2078,32.58644217301931,147,7,237),(2079,32.58644217301931,148,7,237),(2080,32.58644217301931,149,7,237),(2081,32.58644217301931,150,7,237),(2082,32.700957952803755,151,7,237),(2083,32.700957952803755,152,7,237),(2084,32.71005606607692,153,7,237),(2085,32.71005606607692,154,7,237),(2086,32.71005606607692,155,7,237),(2087,32.77404986891767,156,7,237),(2088,0,1,10,239),(2089,0,2,10,239),(2090,0,3,10,239),(2091,0,4,10,239),(2092,17.081173265476924,1,15,240),(2093,33.56161985810282,2,15,240),(2094,35.039897405621005,3,15,240),(2095,3050.154047735706,1,10,241),(2096,10.021796099400879,1,15,242),(2097,31.31039121789066,2,15,242),(2098,80.7641012117546,3,15,242),(2099,118.73711225497867,4,15,242),(2100,110.78515723728994,1,10,243),(2101,20.363160477231038,1,15,244),(2102,51.986420361455636,2,15,244),(2103,97.3228149606488,3,15,244),(2104,126.10957168735021,4,15,244),(2105,0,1,10,249),(2106,0,2,10,249),(2107,0,3,10,249),(2108,0,4,10,249),(2109,0,5,10,249),(2110,0,6,10,249),(2111,0,7,10,249),(2112,0,8,10,249),(2113,0,9,10,249),(2114,0,10,10,249),(2115,0,11,10,249),(2116,0,12,10,249),(2117,0,13,10,249),(2118,0,14,10,249),(2119,0,15,10,249),(2120,0,16,10,249),(2121,0,17,10,249),(2122,0,18,10,249),(2123,0,19,10,249),(2124,0,20,10,249),(2125,0,21,10,249),(2126,0,22,10,249),(2127,0,23,10,249),(2128,0,24,10,249),(2129,0,25,10,249),(2130,0,26,10,249),(2131,0,27,10,249),(2132,0,28,10,249),(2133,0,29,10,249),(2134,1.827618741760768,1,7,248),(2135,2.337506620801716,2,7,248),(2136,3.1740615641168684,3,7,248),(2137,4.834964736683626,4,7,248),(2138,6.47999300925455,5,7,248),(2252,1.2311355839699865,1,7,255),(2253,2.144366673977944,2,7,255),(2254,0.9554158221171547,1,8,256),(2255,3.281674880855692,2,8,256),(2256,6.293561275582714,3,8,256),(2257,11.693140447629062,4,8,256),(2258,18.690630990136142,5,8,256),(2259,24.932450858997388,6,8,256),(2260,25.89348090882278,7,8,256),(2261,28.16508251228421,8,8,256),(2262,30.22197243737756,9,8,256),(2263,30.815490481631436,10,8,256),(2264,32.436900459553115,11,8,256),(2265,34.081758506315744,12,8,256),(2266,1.3818313646460334,1,8,257),(2267,4.103493425355883,2,8,257),(2268,5.154171151684795,3,8,257),(2269,6.774166443729462,4,8,257),(2270,6.9662996965211725,5,8,257),(2271,7.947078402007879,6,8,257),(2272,9.914497734772207,7,8,257),(2273,11.245263429299147,8,8,257),(2274,12.497593070611638,9,8,257),(2275,12.83066419099735,10,8,257),(2276,14.435214620307827,11,8,257),(2277,16.325318068385275,12,8,257),(2278,16.780573746959316,13,8,257),(2279,19.07478523151584,14,8,257),(2280,19.955935818755183,15,8,257),(2281,20.63990185103023,16,8,257),(2282,21.73983346670655,17,8,257),(2283,22.54702602025538,18,8,257),(2284,22.88692801057872,19,8,257),(2285,24.797007260643838,20,8,257),(2286,25.562527536774006,21,8,257),(2287,26.83274582323609,22,8,257),(2288,28.211637690103355,23,8,257),(2289,34.20360806201424,24,8,257),(2290,36.23532366078433,25,8,257),(2291,0,1,7,258),(2292,0,2,7,258),(2293,0,3,7,258),(2294,0,4,7,258),(2295,0,5,7,258),(2296,0,6,7,258),(2297,0,7,7,258),(2298,0,8,7,258),(2299,0,9,7,258),(2300,0,10,7,258),(2301,0,11,7,258),(2302,0,12,7,258),(2303,0,13,7,258),(2304,0,14,7,258),(2305,0,15,7,258),(2306,0,16,7,258),(2307,0,17,7,258),(2308,0,18,7,258),(2309,0,19,7,258),(2310,0,20,7,258),(2311,0,21,7,258),(2312,0,22,7,258),(2313,0,23,7,258),(2314,0,24,7,258),(2315,0,25,7,258),(2316,0,26,7,258),(2317,0,27,7,258),(2318,0,28,7,258),(2319,0,29,7,258),(2320,0,30,7,258),(2321,0,31,7,258),(2322,0,32,7,258),(2323,0,33,7,258),(2324,0,34,7,258),(2325,0,35,7,258),(2326,0,36,7,258),(2327,0,37,7,258),(2328,0,38,7,258),(2329,0,39,7,258),(2330,0,40,7,258),(2331,0,41,7,258),(2332,0,42,7,258),(2333,0,43,7,258),(2334,0,44,7,258),(2335,0,45,7,258),(2336,0,46,7,258),(2337,0,47,7,258),(2338,0,48,7,258),(2339,0,49,7,258),(2340,0,50,7,258),(2341,0,51,7,258),(2342,0,52,7,258),(2343,0,53,7,258),(2344,0,54,7,258),(2345,0,55,7,258),(2346,0,56,7,258),(2347,0,57,7,258),(2348,0,58,7,258),(2349,0,59,7,258),(2350,0,60,7,258),(2351,0,61,7,258),(2352,0,62,7,258),(2353,0,63,7,258),(2354,0,64,7,258),(2355,0,65,7,258),(2356,0,66,7,258),(2357,0,67,7,258),(2358,0,68,7,258),(2359,0,69,7,258),(2360,0,70,7,258),(2361,0,71,7,258),(2362,0,72,7,258),(2363,0,73,7,258),(2364,0,74,7,258),(2365,0,75,7,258),(2366,0,76,7,258),(2367,0,77,7,258),(2368,0,78,7,258),(2369,0,79,7,258),(2370,0,80,7,258),(2371,0,81,7,258),(2372,0,82,7,258),(2373,0,83,7,258),(2374,0,84,7,258),(2375,0,85,7,258),(2376,0,86,7,258),(2377,0,87,7,258),(2378,0,88,7,258),(2379,0,89,7,258),(2380,0,90,7,258),(2381,0,91,7,258),(2382,0,92,7,258),(2383,0,93,7,258),(2384,0,94,7,258),(2385,0,95,7,258),(2386,0,96,7,258),(2387,0,97,7,258),(2388,0,98,7,258),(2389,0,99,7,258),(2390,0,100,7,258),(2391,0,101,7,258),(2392,7.61425317065189,102,7,258),(2393,10.029886120620237,103,7,258),(2394,10.864782301834795,104,7,258),(2395,11.165344926534175,105,7,258),(2396,11.265532468627951,106,7,258),(2397,18.512431319323962,107,7,258),(2398,21.139571301898304,108,7,258),(2399,22.018995279159558,109,7,258),(2400,22.364085700696602,110,7,258),(2401,22.475405191999794,111,7,258),(2402,29.58872065297378,112,7,258),(2403,32.082277247408044,113,7,258),(2404,32.98396512229716,114,7,258),(2405,33.306791645415366,115,7,258),(2406,33.41811113671856,116,7,258),(2407,33.45150698355584,117,7,258),(2408,40.8319892231829,118,7,258),(2409,43.35894166445444,119,7,258),(2410,44.28289343776238,120,7,258),(2411,44.61685191009001,121,7,258),(2412,44.728171401393205,122,7,258),(2413,44.7726991974399,123,7,258),(2414,52.18657728469521,124,7,258),(2415,61.28137968200712,125,7,258),(2416,61.94929662666238,126,7,258),(2417,63.73040847960372,127,7,258),(2418,65.30001329914809,128,7,258),(2419,66.11264558194381,129,7,258),(2420,73.20369714528994,130,7,258),(2421,75.68612178972381,131,7,258),(2422,76.5878096654039,132,7,258),(2423,76.67686525749728,133,7,258),(2424,76.72139305433495,134,7,258),(2425,83.53414589060957,135,7,258),(2426,86.07223028109053,136,7,258),(2427,87.1186334941201,137,7,258),(2428,87.47485586486657,138,7,258),(2429,87.5973073045882,139,7,258);
/*!40000 ALTER TABLE `realtime_record` ENABLE KEYS */;
UNLOCK TABLES;

--
-- Table structure for table `record`
--

DROP TABLE IF EXISTS `record`;
/*!40101 SET @saved_cs_client     = @@character_set_client */;
/*!50503 SET character_set_client = utf8mb4 */;
CREATE TABLE `record` (
  `id` bigint NOT NULL AUTO_INCREMENT,
  `created_at` datetime(6) DEFAULT NULL,
  `updated_at` datetime(6) DEFAULT NULL,
  `calorie` int DEFAULT NULL,
  `course_img_url` varchar(255) DEFAULT NULL,
  `distance` float DEFAULT NULL,
  `duration` bigint DEFAULT NULL,
  `game_mode` enum('BATTLE','CUSTOM','PRACTICE') DEFAULT NULL,
  `pace` int DEFAULT NULL,
  `ranking` int DEFAULT NULL,
  `run_end_time` datetime(6) DEFAULT NULL,
  `run_start_time` datetime(6) DEFAULT NULL,
  `member_id` bigint NOT NULL,
  PRIMARY KEY (`id`),
  KEY `FKt0rib4n7orlcfx52cnsicmriw` (`member_id`),
  CONSTRAINT `FKt0rib4n7orlcfx52cnsicmriw` FOREIGN KEY (`member_id`) REFERENCES `member` (`id`)
) ENGINE=InnoDB AUTO_INCREMENT=262 DEFAULT CHARSET=utf8mb4 COLLATE=utf8mb4_0900_ai_ci;
/*!40101 SET character_set_client = @saved_cs_client */;

--
-- Dumping data for table `record`
--

LOCK TABLES `record` WRITE;
/*!40000 ALTER TABLE `record` DISABLE KEYS */;
INSERT INTO `record` VALUES (108,'2024-05-19 15:02:24.184686','2024-05-19 15:02:24.184686',1,'https://dl06ulexuxmdt.cloudfront.net/user_track_img/7/6',1,240000,'BATTLE',100,1,'2021-11-08 11:48:30.327959','2021-11-08 11:44:30.327959',7),(109,'2024-05-19 15:37:10.148710','2024-05-19 15:37:10.148710',0,'https://dl06ulexuxmdt.cloudfront.net/user_track_img/7/7',0,7010,'BATTLE',0,0,'2024-05-19 06:37:06.977021','2024-05-19 06:36:59.966626',7),(110,'2024-05-19 15:48:12.950229','2024-05-19 15:48:12.950229',0,'https://dl06ulexuxmdt.cloudfront.net/user_track_img/7/8',0,5015,'BATTLE',0,0,'2024-05-19 06:48:10.676416','2024-05-19 06:48:05.661006',7),(111,'2024-05-19 15:49:05.920558','2024-05-19 15:49:05.920558',1,'https://dl06ulexuxmdt.cloudfront.net/user_track_img/7/9',0.02,30010,'BATTLE',21,0,'2024-05-19 06:49:03.659796','2024-05-19 06:48:33.649224',7),(112,'2024-05-19 15:51:24.505543','2024-05-19 15:51:24.505543',0,'https://dl06ulexuxmdt.cloudfront.net/user_track_img/7/10',0.01,8051,'BATTLE',13,0,'2024-05-19 06:51:21.573151','2024-05-19 06:51:13.521600',7),(113,'2024-05-19 15:52:48.868963','2024-05-19 15:52:48.868963',0,'https://dl06ulexuxmdt.cloudfront.net/user_track_img/7/11',0.01,7006,'CUSTOM',8,0,'2024-05-19 06:52:45.924524','2024-05-19 06:52:38.917677',7),(114,'2024-05-19 15:55:57.287178','2024-05-19 15:55:57.287178',0,'https://dl06ulexuxmdt.cloudfront.net/user_track_img/8/10',0,1022,'CUSTOM',0,0,'2024-05-19 06:55:53.899128','2024-05-19 06:55:52.876938',8),(115,'2024-05-19 15:55:59.826194','2024-05-19 15:55:59.826194',0,'https://dl06ulexuxmdt.cloudfront.net/user_track_img/7/12',0,4010,'CUSTOM',0,0,'2024-05-19 06:55:57.327679','2024-05-19 06:55:53.317268',7),(116,'2024-05-19 17:06:08.912839','2024-05-19 17:06:08.912839',0,'https://dl06ulexuxmdt.cloudfront.net/user_track_img/7/13',0,2017,'PRACTICE',0,0,'2024-05-19 08:06:05.435350','2024-05-19 08:06:03.417881',7),(117,'2024-05-19 20:59:37.949117','2024-05-19 20:59:37.949117',17,'https://dl06ulexuxmdt.cloudfront.net/user_track_img/15/6',0.13,28002,'BATTLE',5,1,'2024-05-19 20:59:33.487257','2024-05-19 20:59:05.484469',15),(118,'2024-05-19 21:00:16.876323','2024-05-19 21:00:16.876323',0,'https://dl06ulexuxmdt.cloudfront.net/user_track_img/10/3',0,70021,'BATTLE',0,0,'2024-05-19 12:00:13.685644','2024-05-19 11:59:03.664052',10),(119,'2024-05-19 21:01:47.317331','2024-05-19 21:01:47.317331',18,'https://dl06ulexuxmdt.cloudfront.net/user_track_img/15/7',0.12,19002,'BATTLE',2,1,'2024-05-19 21:01:44.431973','2024-05-19 21:01:25.429471',15),(120,'2024-05-19 21:01:50.974440','2024-05-19 21:01:50.974440',16,'https://dl06ulexuxmdt.cloudfront.net/user_track_img/10/4',0.26,23013,'BATTLE',1,2,'2024-05-19 12:01:46.790911','2024-05-19 12:01:23.777157',10),(121,'2024-05-19 21:05:19.351850','2024-05-19 21:05:19.351850',11,'https://dl06ulexuxmdt.cloudfront.net/user_track_img/10/5',0.34,8005,'BATTLE',0,1,'2024-05-19 12:05:14.849443','2024-05-19 12:05:06.844024',10),(122,'2024-05-19 21:06:21.579131','2024-05-19 21:06:21.579131',6,'https://dl06ulexuxmdt.cloudfront.net/user_track_img/10/6',0.19,7005,'BATTLE',0,1,'2024-05-19 12:06:17.364023','2024-05-19 12:06:10.358849',10),(123,'2024-05-19 21:08:33.203466','2024-05-19 21:08:33.203466',10,'https://dl06ulexuxmdt.cloudfront.net/user_track_img/15/8',0.1,52002,'BATTLE',8,1,'2024-05-19 21:08:30.844192','2024-05-19 21:07:38.841907',15),(124,'2024-05-19 21:11:13.437543','2024-05-19 21:11:13.437543',6,'https://dl06ulexuxmdt.cloudfront.net/user_track_img/10/7',0.19,11016,'BATTLE',0,1,'2024-05-19 12:11:08.962042','2024-05-19 12:10:57.945351',10),(125,'2024-05-19 21:11:14.377293','2024-05-19 21:11:14.377293',4,'https://dl06ulexuxmdt.cloudfront.net/user_track_img/15/9',0.1,12002,'BATTLE',2,2,'2024-05-19 21:11:11.849261','2024-05-19 21:10:59.846941',15),(126,'2024-05-19 21:11:39.661112','2024-05-19 21:11:39.661112',0,'https://dl06ulexuxmdt.cloudfront.net/user_track_img/8/11',0,62021,'BATTLE',0,0,'2024-05-19 12:11:35.422584','2024-05-19 12:10:33.401033',8),(127,'2024-05-19 21:12:54.510147','2024-05-19 21:12:54.510147',0,'https://dl06ulexuxmdt.cloudfront.net/user_track_img/7/14',0,6002,'BATTLE',0,0,'2024-05-19 21:12:53.188844','2024-05-19 21:12:47.186310',7),(128,'2024-05-19 21:13:34.102266','2024-05-19 21:13:34.102266',0,'https://dl06ulexuxmdt.cloudfront.net/user_track_img/8/12',0,45006,'BATTLE',0,0,'2024-05-19 12:13:29.943505','2024-05-19 12:12:44.936806',8),(129,'2024-05-19 21:15:37.460636','2024-05-19 21:15:37.460636',0,'https://dl06ulexuxmdt.cloudfront.net/user_track_img/8/13',0.17,5031,'BATTLE',0,1,'2024-05-19 12:15:31.528582','2024-05-19 12:15:26.497007',8),(130,'2024-05-19 21:15:52.929524','2024-05-19 21:15:52.929524',3,'https://dl06ulexuxmdt.cloudfront.net/user_track_img/7/15',0.03,20234,'BATTLE',10,0,'2024-05-19 12:15:48.288866','2024-05-19 12:15:28.054439',7),(131,'2024-05-19 21:16:17.137609','2024-05-19 21:16:17.137609',34,'https://dl06ulexuxmdt.cloudfront.net/user_track_img/10/8',1.05,20003,'PRACTICE',0,0,'2024-05-19 12:16:12.866628','2024-05-19 12:15:52.862786',10),(132,'2024-05-19 21:18:10.056898','2024-05-19 21:18:10.056898',4,'https://dl06ulexuxmdt.cloudfront.net/user_track_img/8/14',0.11,35017,'BATTLE',5,1,'2024-05-19 12:18:03.622516','2024-05-19 12:17:28.605008',8),(133,'2024-05-19 21:18:21.916656','2024-05-19 21:18:21.916656',8,'https://dl06ulexuxmdt.cloudfront.net/user_track_img/7/16',0.02,49005,'BATTLE',46,0,'2024-05-19 21:18:19.854790','2024-05-19 21:17:30.849689',7),(134,'2024-05-19 21:22:35.343628','2024-05-19 21:22:35.343628',7,'https://dl06ulexuxmdt.cloudfront.net/user_track_img/10/9',0.1,29006,'BATTLE',4,1,'2024-05-19 12:22:31.369677','2024-05-19 12:22:02.363126',10),(135,'2024-05-19 21:22:38.586865','2024-05-19 21:22:38.586865',20,'https://dl06ulexuxmdt.cloudfront.net/user_track_img/15/10',0.1,33001,'BATTLE',5,2,'2024-05-19 21:22:36.697728','2024-05-19 21:22:03.695956',15),(136,'2024-05-19 21:31:06.162892','2024-05-19 21:31:06.162892',9,'https://dl06ulexuxmdt.cloudfront.net/user_track_img/7/17',0.14,17017,'BATTLE',2,1,'2024-05-19 12:31:00.721479','2024-05-19 12:30:43.703970',7),(137,'2024-05-19 21:31:09.310123','2024-05-19 21:31:09.310123',0,'https://dl06ulexuxmdt.cloudfront.net/user_track_img/8/15',0,22013,'BATTLE',0,0,'2024-05-19 12:31:05.861089','2024-05-19 12:30:43.847329',8),(138,'2024-05-19 21:33:54.564384','2024-05-19 21:33:54.564384',0,'https://dl06ulexuxmdt.cloudfront.net/user_track_img/8/16',0,7004,'BATTLE',0,0,'2024-05-19 12:33:50.963828','2024-05-19 12:33:43.959363',8),(139,'2024-05-19 21:33:56.537430','2024-05-19 21:33:56.537430',12,'https://dl06ulexuxmdt.cloudfront.net/user_track_img/7/18',0.19,6019,'BATTLE',0,1,'2024-05-19 12:33:50.132217','2024-05-19 12:33:44.112891',7),(140,'2024-05-19 21:34:38.598392','2024-05-19 21:34:38.598392',0,'https://dl06ulexuxmdt.cloudfront.net/user_track_img/8/17',0,2008,'BATTLE',0,0,'2024-05-19 12:34:35.267781','2024-05-19 12:34:33.259572',8),(141,'2024-05-19 21:34:50.039160','2024-05-19 21:34:50.039160',5,'https://dl06ulexuxmdt.cloudfront.net/user_track_img/7/19',0.12,11075,'BATTLE',1,1,'2024-05-19 12:34:44.527102','2024-05-19 12:34:33.451468',7),(142,'2024-05-19 21:38:03.195434','2024-05-19 21:38:03.195434',48,'https://dl06ulexuxmdt.cloudfront.net/user_track_img/8/18',1.49,8007,'BATTLE',0,1,'2024-05-19 12:37:59.030154','2024-05-19 12:37:51.022882',8),(143,'2024-05-19 21:38:07.283785','2024-05-19 21:38:07.283785',0,'https://dl06ulexuxmdt.cloudfront.net/user_track_img/7/20',0,13030,'BATTLE',0,0,'2024-05-19 12:38:04.106073','2024-05-19 12:37:51.075530',7),(144,'2024-05-19 21:40:04.223985','2024-05-19 21:40:04.223985',40,'https://dl06ulexuxmdt.cloudfront.net/user_track_img/8/19',1.23,5005,'BATTLE',0,1,'2024-05-19 12:39:59.413337','2024-05-19 12:39:54.407805',8),(145,'2024-05-19 21:40:08.482921','2024-05-19 21:40:08.482921',0,'https://dl06ulexuxmdt.cloudfront.net/user_track_img/7/21',0,11018,'BATTLE',0,0,'2024-05-19 12:40:05.423308','2024-05-19 12:39:54.404355',7),(146,'2024-05-19 21:42:24.677713','2024-05-19 21:42:24.677713',18,'https://dl06ulexuxmdt.cloudfront.net/user_track_img/8/20',0.58,5010,'BATTLE',0,1,'2024-05-19 12:42:20.205204','2024-05-19 12:42:15.194673',8),(147,'2024-05-19 21:42:26.956277','2024-05-19 21:42:26.956277',0,'https://dl06ulexuxmdt.cloudfront.net/user_track_img/7/22',0,9023,'BATTLE',0,0,'2024-05-19 12:42:24.250036','2024-05-19 12:42:15.227035',7),(148,'2024-05-19 21:43:00.337680','2024-05-19 21:43:00.337680',8,'https://dl06ulexuxmdt.cloudfront.net/user_track_img/8/21',0.12,3006,'BATTLE',0,1,'2024-05-19 12:42:55.847631','2024-05-19 12:42:52.840939',8),(149,'2024-05-19 21:43:03.824765','2024-05-19 21:43:03.824765',10,'https://dl06ulexuxmdt.cloudfront.net/user_track_img/7/23',0.15,6023,'BATTLE',0,2,'2024-05-19 12:42:58.946162','2024-05-19 12:42:52.922273',7),(150,'2024-05-19 21:47:55.211586','2024-05-19 21:47:55.211586',0,'https://dl06ulexuxmdt.cloudfront.net/user_track_img/8/22',0,8023,'BATTLE',0,0,'2024-05-19 12:47:51.753026','2024-05-19 12:47:43.729586',8),(151,'2024-05-19 21:47:58.155713','2024-05-19 21:47:58.155713',5,'https://dl06ulexuxmdt.cloudfront.net/user_track_img/7/24',0.1,11016,'BATTLE',1,1,'2024-05-19 12:47:54.654665','2024-05-19 12:47:43.637866',7),(152,'2024-05-19 21:48:33.563871','2024-05-19 21:48:33.563871',11,'https://dl06ulexuxmdt.cloudfront.net/user_track_img/7/25',0.14,8007,'BATTLE',1,1,'2024-05-19 12:48:29.376785','2024-05-19 12:48:21.369684',7),(153,'2024-05-19 21:48:33.819032','2024-05-19 21:48:33.819032',0,'https://dl06ulexuxmdt.cloudfront.net/user_track_img/8/23',0,9011,'BATTLE',0,0,'2024-05-19 12:48:30.467231','2024-05-19 12:48:21.455473',8),(154,'2024-05-19 21:49:35.975783','2024-05-19 21:49:35.975783',100,'https://dl06ulexuxmdt.cloudfront.net/user_track_img/10/10',3.12,6008,'BATTLE',0,1,'2024-05-19 12:49:30.320046','2024-05-19 12:49:24.311091',10),(155,'2024-05-19 21:51:31.741173','2024-05-19 21:51:31.741173',0,'https://dl06ulexuxmdt.cloudfront.net/user_track_img/16/6',0,125005,'BATTLE',0,0,'2024-05-19 21:51:32.801506','2024-05-19 21:49:27.796067',16),(156,'2024-05-19 21:52:16.434459','2024-05-19 21:52:16.434459',0,'https://dl06ulexuxmdt.cloudfront.net/user_track_img/7/26',0,3029,'BATTLE',0,0,'2024-05-19 12:52:12.338218','2024-05-19 12:52:09.308309',7),(157,'2024-05-19 21:52:17.145092','2024-05-19 21:52:17.145092',0,'https://dl06ulexuxmdt.cloudfront.net/user_track_img/8/24',0,5009,'BATTLE',0,0,'2024-05-19 12:52:14.351196','2024-05-19 12:52:09.341676',8),(158,'2024-05-19 21:53:55.273368','2024-05-19 21:53:55.273368',0,'https://dl06ulexuxmdt.cloudfront.net/user_track_img/8/25',0,8011,'BATTLE',0,0,'2024-05-19 12:53:52.060187','2024-05-19 12:53:44.048295',8),(159,'2024-05-19 21:53:56.182771','2024-05-19 21:53:56.182771',14,'https://dl06ulexuxmdt.cloudfront.net/user_track_img/7/27',0.22,6034,'BATTLE',0,1,'2024-05-19 12:53:50.162027','2024-05-19 12:53:44.127389',7),(160,'2024-05-19 21:56:06.197494','2024-05-19 21:56:06.197494',9,'https://dl06ulexuxmdt.cloudfront.net/user_track_img/7/28',0.17,9026,'BATTLE',0,1,'2024-05-19 12:55:59.486587','2024-05-19 12:55:50.460317',7),(161,'2024-05-19 21:56:06.161895','2024-05-19 21:56:06.161895',0,'https://dl06ulexuxmdt.cloudfront.net/user_track_img/8/26',0,12011,'BATTLE',0,0,'2024-05-19 12:56:02.273643','2024-05-19 12:55:50.262559',8),(162,'2024-05-19 21:58:53.135824','2024-05-19 21:58:53.135824',9,'https://dl06ulexuxmdt.cloudfront.net/user_track_img/7/29',0.17,12018,'BATTLE',1,1,'2024-05-19 12:58:48.162475','2024-05-19 12:58:36.143907',7),(163,'2024-05-19 21:58:57.119241','2024-05-19 21:58:57.119241',0,'https://dl06ulexuxmdt.cloudfront.net/user_track_img/8/27',0,18014,'BATTLE',0,0,'2024-05-19 12:58:54.059124','2024-05-19 12:58:36.044358',8),(164,'2024-05-19 22:07:55.383039','2024-05-19 22:07:55.383039',16,'https://dl06ulexuxmdt.cloudfront.net/user_track_img/8/28',0.26,6009,'BATTLE',0,1,'2024-05-19 13:07:50.434973','2024-05-19 13:07:44.425278',8),(165,'2024-05-19 22:07:56.424957','2024-05-19 22:07:56.424957',0,'https://dl06ulexuxmdt.cloudfront.net/user_track_img/7/30',0,9010,'BATTLE',0,0,'2024-05-19 13:07:53.432520','2024-05-19 13:07:44.422212',7),(166,'2024-05-19 22:14:12.109591','2024-05-19 22:14:12.109591',0,'https://dl06ulexuxmdt.cloudfront.net/user_track_img/8/29',0,1007,'BATTLE',0,0,'2024-05-19 13:14:09.069191','2024-05-19 13:14:08.061351',8),(167,'2024-05-19 22:14:14.362143','2024-05-19 22:14:14.362143',0,'https://dl06ulexuxmdt.cloudfront.net/user_track_img/7/31',0,3024,'BATTLE',0,0,'2024-05-19 13:14:10.942689','2024-05-19 13:14:07.918281',7),(168,'2024-05-19 22:14:50.469587','2024-05-19 22:14:50.469587',0,'https://dl06ulexuxmdt.cloudfront.net/user_track_img/8/30',0,1014,'BATTLE',0,0,'2024-05-19 13:14:47.046862','2024-05-19 13:14:46.032114',8),(169,'2024-05-19 22:14:52.631478','2024-05-19 22:14:52.631478',0,'https://dl06ulexuxmdt.cloudfront.net/user_track_img/7/32',0,3111,'BATTLE',0,0,'2024-05-19 13:14:49.297238','2024-05-19 13:14:46.185919',7),(170,'2024-05-19 22:17:56.382883','2024-05-19 22:17:56.382883',0,'https://dl06ulexuxmdt.cloudfront.net/user_track_img/7/33',0,5019,'BATTLE',0,0,'2024-05-19 13:17:53.126927','2024-05-19 13:17:48.107035',7),(171,'2024-05-19 22:17:57.158394','2024-05-19 22:17:57.158394',0,'https://dl06ulexuxmdt.cloudfront.net/user_track_img/8/31',0,6006,'BATTLE',0,0,'2024-05-19 13:17:54.132714','2024-05-19 13:17:48.125806',8),(172,'2024-05-19 22:19:05.511714','2024-05-19 22:19:05.511714',0,'https://dl06ulexuxmdt.cloudfront.net/user_track_img/8/32',0,1012,'BATTLE',0,0,'2024-05-19 13:19:02.388812','2024-05-19 13:19:01.376126',8),(173,'2024-05-19 22:19:08.997645','2024-05-19 22:19:08.997645',0,'https://dl06ulexuxmdt.cloudfront.net/user_track_img/7/34',0,4024,'BATTLE',0,0,'2024-05-19 13:19:05.454173','2024-05-19 13:19:01.430105',7),(174,'2024-05-19 22:21:02.835715','2024-05-19 22:21:02.835715',0,'https://dl06ulexuxmdt.cloudfront.net/user_track_img/8/33',0,1018,'BATTLE',0,0,'2024-05-19 13:20:59.776564','2024-05-19 13:20:58.757800',8),(175,'2024-05-19 22:21:06.950251','2024-05-19 22:21:06.950251',0,'https://dl06ulexuxmdt.cloudfront.net/user_track_img/7/35',0,5011,'BATTLE',0,0,'2024-05-19 13:21:03.812793','2024-05-19 13:20:58.801779',7),(176,'2024-05-19 22:24:34.196079','2024-05-19 22:24:34.196079',0,'https://dl06ulexuxmdt.cloudfront.net/user_track_img/8/34',0,1004,'BATTLE',0,0,'2024-05-19 13:24:31.181384','2024-05-19 13:24:30.176996',8),(177,'2024-05-19 22:24:37.757877','2024-05-19 22:24:37.757877',0,'https://dl06ulexuxmdt.cloudfront.net/user_track_img/7/36',0,4025,'BATTLE',0,0,'2024-05-19 13:24:34.350874','2024-05-19 13:24:30.325443',7),(178,'2024-05-19 22:25:08.243054','2024-05-19 22:25:08.243054',0,'https://dl06ulexuxmdt.cloudfront.net/user_track_img/8/35',0,1012,'BATTLE',0,0,'2024-05-19 13:25:04.439602','2024-05-19 13:25:03.427003',8),(179,'2024-05-19 22:25:12.100515','2024-05-19 22:25:12.100515',0,'https://dl06ulexuxmdt.cloudfront.net/user_track_img/7/37',0,5021,'BATTLE',0,0,'2024-05-19 13:25:08.661621','2024-05-19 13:25:03.640092',7),(180,'2024-05-19 22:35:40.230602','2024-05-19 22:35:40.230602',0,'https://dl06ulexuxmdt.cloudfront.net/user_track_img/10/11',0,289008,'CUSTOM',0,0,'2024-05-19 13:35:37.504489','2024-05-19 13:30:48.496350',10),(181,'2024-05-19 22:36:30.690092','2024-05-19 22:36:30.690092',100,'https://dl06ulexuxmdt.cloudfront.net/user_track_img/10/12',3.09,2008,'BATTLE',0,1,'2024-05-19 13:36:24.703919','2024-05-19 13:36:22.695067',10),(182,'2024-05-19 22:36:44.516926','2024-05-19 22:36:44.516926',17,'https://dl06ulexuxmdt.cloudfront.net/user_track_img/15/11',0.13,18002,'BATTLE',2,2,'2024-05-19 22:36:42.776199','2024-05-19 22:36:24.773399',15),(183,'2024-05-19 22:37:34.599801','2024-05-19 22:37:34.599801',18,'https://dl06ulexuxmdt.cloudfront.net/user_track_img/15/12',0.15,13003,'BATTLE',1,1,'2024-05-19 22:37:32.905216','2024-05-19 22:37:19.902175',15),(184,'2024-05-19 22:37:54.040441','2024-05-19 22:37:54.040441',7,'https://dl06ulexuxmdt.cloudfront.net/user_track_img/10/13',0.1,32007,'BATTLE',5,2,'2024-05-19 13:37:49.934644','2024-05-19 13:37:17.927584',10),(185,'2024-05-19 22:38:21.349002','2024-05-19 22:38:21.349002',8,'https://dl06ulexuxmdt.cloudfront.net/user_track_img/10/14',0.23,5006,'BATTLE',0,1,'2024-05-19 13:38:17.166629','2024-05-19 13:38:12.160406',10),(186,'2024-05-19 22:39:38.681724','2024-05-19 22:39:38.681724',10,'https://dl06ulexuxmdt.cloudfront.net/user_track_img/10/15',0.33,5005,'BATTLE',0,1,'2024-05-19 13:39:33.998763','2024-05-19 13:39:28.993572',10),(187,'2024-05-19 22:39:50.510313','2024-05-19 22:39:50.510313',13,'https://dl06ulexuxmdt.cloudfront.net/user_track_img/15/13',0.1,18002,'BATTLE',3,2,'2024-05-19 22:39:48.965767','2024-05-19 22:39:30.963502',15),(188,'2024-05-19 22:40:28.071794','2024-05-19 22:40:28.071794',8,'https://dl06ulexuxmdt.cloudfront.net/user_track_img/10/16',0.25,2007,'BATTLE',0,1,'2024-05-19 13:40:23.298642','2024-05-19 13:40:21.291301',10),(189,'2024-05-19 22:41:08.093805','2024-05-19 22:41:08.093805',0,'https://dl06ulexuxmdt.cloudfront.net/user_track_img/10/17',0,7006,'BATTLE',0,0,'2024-05-19 13:41:05.033769','2024-05-19 13:40:58.027658',10),(190,'2024-05-19 22:42:13.047942','2024-05-19 22:42:13.047942',0,'https://dl06ulexuxmdt.cloudfront.net/user_track_img/10/18',0,24008,'BATTLE',0,0,'2024-05-19 13:42:09.868248','2024-05-19 13:41:45.860057',10),(191,'2024-05-19 22:43:29.414900','2024-05-19 22:43:29.414900',0,'https://dl06ulexuxmdt.cloudfront.net/user_track_img/10/19',0,31004,'BATTLE',0,0,'2024-05-19 13:43:26.180462','2024-05-19 13:42:55.175636',10),(192,'2024-05-19 22:44:10.097407','2024-05-19 22:44:10.097407',0,'https://dl06ulexuxmdt.cloudfront.net/user_track_img/8/36',0,11240,'BATTLE',0,0,'2024-05-19 13:44:06.669918','2024-05-19 13:43:55.429867',8),(193,'2024-05-19 22:44:14.407231','2024-05-19 22:44:14.407231',0,'https://dl06ulexuxmdt.cloudfront.net/user_track_img/7/38',0,16017,'BATTLE',0,0,'2024-05-19 13:44:12.010749','2024-05-19 13:43:55.993391',7),(194,'2024-05-19 23:20:30.585734','2024-05-19 23:20:30.585734',294926,'https://dl06ulexuxmdt.cloudfront.net/user_track_img/7/39',9131.66,16010,'PRACTICE',0,0,'2024-05-19 14:20:25.781279','2024-05-19 14:20:09.771083',7),(195,'2024-05-19 23:21:09.937464','2024-05-19 23:21:09.937464',12,'https://dl06ulexuxmdt.cloudfront.net/user_track_img/7/40',0.28,9008,'PRACTICE',0,0,'2024-05-19 14:21:07.261667','2024-05-19 14:20:58.253619',7),(196,'2024-05-19 23:21:18.927173','2024-05-19 23:21:18.927173',0,'https://dl06ulexuxmdt.cloudfront.net/user_track_img/10/20',0,103019,'BATTLE',0,0,'2024-05-19 14:21:15.599962','2024-05-19 14:19:32.580451',10),(197,'2024-05-19 23:24:36.380733','2024-05-19 23:24:36.380733',0,'https://dl06ulexuxmdt.cloudfront.net/user_track_img/15/14',0,301002,'BATTLE',0,0,'2024-05-19 23:24:35.065558','2024-05-19 23:19:34.063273',15),(198,'2024-05-19 23:26:15.807411','2024-05-19 23:26:15.807411',0,'https://dl06ulexuxmdt.cloudfront.net/user_track_img/7/41',0,40004,'PRACTICE',0,0,'2024-05-19 14:26:12.555641','2024-05-19 14:25:32.551131',7),(199,'2024-05-19 23:26:49.214216','2024-05-19 23:26:49.214216',0,'https://dl06ulexuxmdt.cloudfront.net/user_track_img/7/42',0,15016,'PRACTICE',0,0,'2024-05-19 14:26:46.091223','2024-05-19 14:26:31.074424',7),(200,'2024-05-19 23:30:18.904708','2024-05-19 23:30:18.904708',0,'https://dl06ulexuxmdt.cloudfront.net/user_track_img/7/43',0,178004,'PRACTICE',0,0,'2024-05-19 14:30:15.938637','2024-05-19 14:27:17.934543',7),(201,'2024-05-19 23:30:43.934174','2024-05-19 23:30:43.934174',0,'https://dl06ulexuxmdt.cloudfront.net/user_track_img/7/44',0,6010,'PRACTICE',0,0,'2024-05-19 14:30:40.337675','2024-05-19 14:30:34.327239',7),(202,'2024-05-19 23:36:13.030365','2024-05-19 23:36:13.030365',3,'https://dl06ulexuxmdt.cloudfront.net/user_track_img/10/21',0.11,10006,'BATTLE',1,1,'2024-05-19 14:36:07.917924','2024-05-19 14:35:57.911492',10),(203,'2024-05-19 23:36:14.993858','2024-05-19 23:36:14.993858',4,'https://dl06ulexuxmdt.cloudfront.net/user_track_img/7/45',0.11,16013,'PRACTICE',2,0,'2024-05-19 14:36:12.075976','2024-05-19 14:35:56.062961',7),(204,'2024-05-19 23:36:32.882177','2024-05-19 23:36:32.882177',6,'https://dl06ulexuxmdt.cloudfront.net/user_track_img/15/15',0.01,32001,'BATTLE',45,0,'2024-05-19 23:36:31.435702','2024-05-19 23:35:59.433914',15),(205,'2024-05-19 23:37:16.505554','2024-05-19 23:37:16.505554',7,'https://dl06ulexuxmdt.cloudfront.net/user_track_img/10/22',0.1,28015,'BATTLE',4,1,'2024-05-19 14:37:12.460559','2024-05-19 14:36:44.445436',10),(206,'2024-05-19 23:37:21.738743','2024-05-19 23:37:21.738743',19,'https://dl06ulexuxmdt.cloudfront.net/user_track_img/15/16',0.13,34002,'BATTLE',4,2,'2024-05-19 23:37:20.061539','2024-05-19 23:36:46.058590',15),(207,'2024-05-19 23:57:10.477061','2024-05-19 23:57:10.477061',0,'https://dl06ulexuxmdt.cloudfront.net/user_track_img/8/37',0,11029,'CUSTOM',0,0,'2024-05-19 14:57:05.770962','2024-05-19 14:56:54.741061',8),(208,'2024-05-19 23:58:44.622504','2024-05-19 23:58:44.622504',0,'https://dl06ulexuxmdt.cloudfront.net/user_track_img/7/46',0,105024,'CUSTOM',0,0,'2024-05-19 14:58:40.888119','2024-05-19 14:56:55.863584',7),(209,'2024-05-19 23:59:28.881164','2024-05-19 23:59:28.881164',0,'https://dl06ulexuxmdt.cloudfront.net/user_track_img/8/38',0,2016,'CUSTOM',0,0,'2024-05-19 14:59:24.177957','2024-05-19 14:59:22.160986',8),(210,'2024-05-19 23:59:31.260616','2024-05-19 23:59:31.260616',0,'https://dl06ulexuxmdt.cloudfront.net/user_track_img/7/47',0,5011,'CUSTOM',0,0,'2024-05-19 14:59:28.326248','2024-05-19 14:59:23.315129',7),(211,'2024-05-20 00:06:11.275730','2024-05-20 00:06:11.275730',23,'https://dl06ulexuxmdt.cloudfront.net/user_track_img/7/48',0.55,12049,'CUSTOM',0,1,'2024-05-19 15:06:06.873818','2024-05-19 15:05:54.823927',7),(212,'2024-05-20 00:06:14.904603','2024-05-20 00:06:14.904603',0,'https://dl06ulexuxmdt.cloudfront.net/user_track_img/8/39',0,17005,'CUSTOM',0,0,'2024-05-19 15:06:10.682804','2024-05-19 15:05:53.677030',8),(213,'2024-05-20 01:05:23.462538','2024-05-20 01:05:23.462538',195,'https://dl06ulexuxmdt.cloudfront.net/user_track_img/15/17',1.05,190002,'CUSTOM',3,0,'2024-05-20 01:05:21.222086','2024-05-20 01:02:11.220048',15),(214,'2024-05-20 01:07:06.963620','2024-05-20 01:07:06.963620',47,'https://dl06ulexuxmdt.cloudfront.net/user_track_img/7/49',0.09,295002,'CUSTOM',53,0,'2024-05-20 01:07:05.523333','2024-05-20 01:02:10.520978',7),(215,'2024-05-20 01:12:16.481279','2024-05-20 01:12:16.481279',0,'https://dl06ulexuxmdt.cloudfront.net/user_track_img/8/40',0,20021,'CUSTOM',0,0,'2024-05-19 16:12:12.272340','2024-05-19 16:11:52.250503',8),(216,'2024-05-20 01:12:17.964591','2024-05-20 01:12:17.964591',499,'https://dl06ulexuxmdt.cloudfront.net/user_track_img/7/50',5.15,20050,'CUSTOM',0,1,'2024-05-19 16:12:11.550052','2024-05-19 16:11:51.499218',7),(217,'2024-05-20 01:14:35.870057','2024-05-20 01:14:35.870057',0,'https://dl06ulexuxmdt.cloudfront.net/user_track_img/8/41',0,3003,'CUSTOM',0,0,'2024-05-19 16:14:32.058512','2024-05-19 16:14:29.055160',8),(218,'2024-05-20 01:14:39.060988','2024-05-20 01:14:39.060988',0,'https://dl06ulexuxmdt.cloudfront.net/user_track_img/7/51',0,6002,'CUSTOM',795,0,'2024-05-20 01:14:37.193069','2024-05-20 01:14:31.190753',7),(219,'2024-05-20 01:15:04.750947','2024-05-20 01:15:04.750947',0,'https://dl06ulexuxmdt.cloudfront.net/user_track_img/7/52',0,1002,'CUSTOM',0,0,'2024-05-20 01:15:03.011141','2024-05-20 01:15:02.008982',7),(220,'2024-05-20 01:15:14.191326','2024-05-20 01:15:14.191326',220,'https://dl06ulexuxmdt.cloudfront.net/user_track_img/8/42',6.83,9007,'CUSTOM',0,1,'2024-05-19 16:15:08.877410','2024-05-19 16:14:59.869847',8),(221,'2024-05-20 01:15:36.940485','2024-05-20 01:15:36.940485',0,'https://dl06ulexuxmdt.cloudfront.net/user_track_img/7/53',0,5001,'CUSTOM',1431,0,'2024-05-20 01:15:35.550757','2024-05-20 01:15:30.549080',7),(222,'2024-05-20 01:15:38.269843','2024-05-20 01:15:38.269843',0,'https://dl06ulexuxmdt.cloudfront.net/user_track_img/8/43',0,6004,'CUSTOM',0,0,'2024-05-19 16:15:34.408643','2024-05-19 16:15:28.404200',8),(223,'2024-05-20 01:15:58.454541','2024-05-20 01:15:58.454541',0,'https://dl06ulexuxmdt.cloudfront.net/user_track_img/7/54',0,2002,'CUSTOM',0,0,'2024-05-20 01:15:56.259867','2024-05-20 01:15:54.257750',7),(224,'2024-05-20 01:16:21.386859','2024-05-20 01:16:21.386859',20,'https://dl06ulexuxmdt.cloudfront.net/user_track_img/8/44',0.55,24003,'CUSTOM',0,1,'2024-05-19 16:16:16.107468','2024-05-19 16:15:52.103720',8),(225,'2024-05-20 01:18:48.484060','2024-05-20 01:18:48.484060',56,'https://dl06ulexuxmdt.cloudfront.net/user_track_img/15/18',0.32,45002,'CUSTOM',2,0,'2024-05-20 01:18:47.897653','2024-05-20 01:18:02.894961',15),(226,'2024-05-20 01:20:29.460780','2024-05-20 01:20:29.460780',25,'https://dl06ulexuxmdt.cloudfront.net/user_track_img/7/55',0.01,146003,'CUSTOM',355,0,'2024-05-20 01:20:28.190818','2024-05-20 01:18:02.187773',7),(227,'2024-05-20 01:21:06.076143','2024-05-20 01:21:06.076143',2,'https://dl06ulexuxmdt.cloudfront.net/user_track_img/7/56',0,16004,'CUSTOM',723,0,'2024-05-20 01:21:04.294731','2024-05-20 01:20:48.290359',7),(228,'2024-05-20 01:21:08.089020','2024-05-20 01:21:08.089020',14,'https://dl06ulexuxmdt.cloudfront.net/user_track_img/15/19',0.11,18002,'CUSTOM',2,0,'2024-05-20 01:21:07.005827','2024-05-20 01:20:49.003155',15),(229,'2024-05-20 01:21:42.265792','2024-05-20 01:21:42.265792',1,'https://dl06ulexuxmdt.cloudfront.net/user_track_img/15/20',0.01,10002,'CUSTOM',23,0,'2024-05-20 01:21:41.378329','2024-05-20 01:21:31.376189',15),(230,'2024-05-20 01:21:48.289742','2024-05-20 01:21:48.289742',2,'https://dl06ulexuxmdt.cloudfront.net/user_track_img/7/57',0.01,15002,'CUSTOM',36,0,'2024-05-20 01:21:45.667859','2024-05-20 01:21:30.665266',7),(231,'2024-05-20 01:27:52.922838','2024-05-20 01:27:52.922838',58,'https://dl06ulexuxmdt.cloudfront.net/user_track_img/8/45',0.91,19012,'CUSTOM',30,1,'2024-05-19 16:27:47.864078','2024-05-19 16:27:28.851809',8),(232,'2024-05-20 01:27:53.970987','2024-05-20 01:27:53.970987',4,'https://dl06ulexuxmdt.cloudfront.net/user_track_img/7/58',0.05,22002,'CUSTOM',7,0,'2024-05-20 01:27:52.701359','2024-05-20 01:27:30.698808',7),(233,'2024-05-20 01:28:21.382532','2024-05-20 01:28:21.382532',983,'https://dl06ulexuxmdt.cloudfront.net/user_track_img/17/1',3.61,1568003,'CUSTOM',7,1,'2024-05-20 01:28:17.899067','2024-05-20 01:02:09.895849',17),(234,'2024-05-20 01:29:01.827658','2024-05-20 01:29:01.827658',0,'https://dl06ulexuxmdt.cloudfront.net/user_track_img/8/46',0,11005,'CUSTOM',0,0,'2024-05-19 16:28:58.252549','2024-05-19 16:28:47.247544',8),(235,'2024-05-20 01:29:04.160073','2024-05-20 01:29:04.160073',2,'https://dl06ulexuxmdt.cloudfront.net/user_track_img/7/59',0.01,14003,'CUSTOM',18,0,'2024-05-20 01:29:03.110036','2024-05-20 01:28:49.106577',7),(236,'2024-05-20 01:31:53.445385','2024-05-20 01:31:53.445385',5,'https://dl06ulexuxmdt.cloudfront.net/user_track_img/8/47',0.11,143003,'CUSTOM',2110,0,'2024-05-19 16:31:49.764794','2024-05-19 16:29:26.761603',8),(237,'2024-05-20 01:31:53.951271','2024-05-20 01:31:53.951271',17,'https://dl06ulexuxmdt.cloudfront.net/user_track_img/7/60',0.03,144002,'CUSTOM',73,0,'2024-05-20 01:31:52.618589','2024-05-20 01:29:28.615646',7),(238,'2024-05-20 03:57:57.679816','2024-05-20 03:57:57.679816',26,'https://dl06ulexuxmdt.cloudfront.net/user_track_img/15/21',0.15,26002,'PRACTICE',300,0,'2024-05-20 03:57:56.595746','2024-05-20 03:57:30.593041',15),(239,'2024-05-20 04:53:19.397971','2024-05-20 04:53:19.397971',0,'https://dl06ulexuxmdt.cloudfront.net/user_track_img/10/23',0,13018,'BATTLE',0,0,'2024-05-19 19:53:14.699410','2024-05-19 19:53:01.680669',10),(240,'2024-05-20 04:53:21.644092','2024-05-20 04:53:21.644092',7,'https://dl06ulexuxmdt.cloudfront.net/user_track_img/15/22',0.04,16002,'BATTLE',760,0,'2024-05-20 04:53:21.895419','2024-05-20 04:53:05.892990',15),(241,'2024-05-20 04:53:54.844952','2024-05-20 04:53:54.844952',98,'https://dl06ulexuxmdt.cloudfront.net/user_track_img/10/24',3.05,2004,'BATTLE',0,1,'2024-05-19 19:53:47.565154','2024-05-19 19:53:45.561065',10),(242,'2024-05-20 04:54:10.292224','2024-05-20 04:54:10.292224',16,'https://dl06ulexuxmdt.cloudfront.net/user_track_img/15/23',0.12,19002,'BATTLE',270,2,'2024-05-20 04:54:08.801379','2024-05-20 04:53:49.798582',15),(243,'2024-05-20 04:54:29.481655','2024-05-20 04:54:29.481655',3,'https://dl06ulexuxmdt.cloudfront.net/user_track_img/10/25',0.11,1005,'BATTLE',20,1,'2024-05-19 19:54:23.631372','2024-05-19 19:54:22.626002',10),(244,'2024-05-20 04:54:47.156293','2024-05-20 04:54:47.156293',19,'https://dl06ulexuxmdt.cloudfront.net/user_track_img/15/24',0.13,19001,'BATTLE',250,2,'2024-05-20 04:54:45.832930','2024-05-20 04:54:26.830938',15),(245,'2024-05-20 04:59:16.654074','2024-05-20 04:59:16.654074',0,'https://dl06ulexuxmdt.cloudfront.net/user_track_img/7/61',0,3012,'PRACTICE',0,0,'2024-05-19 19:59:12.190707','2024-05-19 19:59:09.178707',7),(246,'2024-05-20 05:03:48.099183','2024-05-20 05:03:48.099183',0,'https://dl06ulexuxmdt.cloudfront.net/user_track_img/7/62',0,2,'BATTLE',0,0,'2024-05-20 05:03:45.717307','2024-05-20 05:03:45.714414',7),(247,'2024-05-20 05:03:49.489923','2024-05-20 05:03:49.489923',0,'https://dl06ulexuxmdt.cloudfront.net/user_track_img/8/48',0,2008,'BATTLE',0,0,'2024-05-19 20:03:46.557546','2024-05-19 20:03:44.548718',8),(248,'2024-05-20 09:05:41.816171','2024-05-20 09:05:41.816171',5,'https://dl06ulexuxmdt.cloudfront.net/user_track_img/7/63',0.01,33002,'BATTLE',8490,0,'2024-05-20 09:05:40.176431','2024-05-20 09:05:07.174167',7),(249,'2024-05-20 09:05:41.816369','2024-05-20 09:05:41.816369',0,'https://dl06ulexuxmdt.cloudfront.net/user_track_img/10/26',0,32014,'BATTLE',0,0,'2024-05-20 00:05:37.949956','2024-05-20 00:05:05.935484',10),(250,'2024-05-20 09:11:57.710316','2024-05-20 09:11:57.710316',0,'https://dl06ulexuxmdt.cloudfront.net/user_track_img/10/27',0,69002,'CUSTOM',0,0,'2024-05-20 00:11:54.051653','2024-05-20 00:10:45.049599',10),(251,'2024-05-20 09:12:10.658906','2024-05-20 09:12:10.658906',12,'https://dl06ulexuxmdt.cloudfront.net/user_track_img/7/64',0.02,67003,'CUSTOM',7090,0,'2024-05-20 09:12:08.599511','2024-05-20 09:11:01.595846',7),(252,'2024-05-20 09:12:14.981854','2024-05-20 09:12:14.981854',21,'https://dl06ulexuxmdt.cloudfront.net/user_track_img/8/49',0.05,87005,'CUSTOM',2820,0,'2024-05-20 09:12:13.093349','2024-05-20 09:10:46.087510',8),(253,'2024-05-20 09:13:11.660247','2024-05-20 09:13:11.660247',30,'https://dl06ulexuxmdt.cloudfront.net/user_track_img/17/2',0.04,143001,'CUSTOM',6130,0,'2024-05-20 09:13:09.583451','2024-05-20 09:10:46.581491',17),(254,'2024-05-20 09:16:36.873509','2024-05-20 09:16:36.873509',2,'https://dl06ulexuxmdt.cloudfront.net/user_track_img/10/28',0.06,14003,'PRACTICE',509,0,'2024-05-20 00:16:33.220196','2024-05-20 00:16:19.216231',10),(255,'2024-05-20 09:21:11.779187','2024-05-20 09:21:11.779187',2,'https://dl06ulexuxmdt.cloudfront.net/user_track_img/7/65',0,19004,'BATTLE',14769,0,'2024-05-20 09:21:09.917179','2024-05-20 09:20:50.913030',7),(256,'2024-05-20 09:21:54.115953','2024-05-20 09:21:54.115953',14,'https://dl06ulexuxmdt.cloudfront.net/user_track_img/8/50',0.03,61001,'BATTLE',2980,0,'2024-05-20 09:21:51.586375','2024-05-20 09:20:50.584456',8),(257,'2024-05-20 09:24:48.220549','2024-05-20 09:24:48.220549',24,'https://dl06ulexuxmdt.cloudfront.net/user_track_img/8/51',0.04,125002,'BATTLE',5750,0,'2024-05-20 09:24:45.586693','2024-05-20 09:22:40.584223',8),(258,'2024-05-20 09:24:49.929697','2024-05-20 09:24:49.929697',4,'https://dl06ulexuxmdt.cloudfront.net/user_track_img/7/66',0.09,127014,'BATTLE',2430,0,'2024-05-20 00:24:46.443558','2024-05-20 00:22:39.429154',7),(259,'2024-05-20 09:25:32.196237','2024-05-20 09:25:32.196237',0,'https://dl06ulexuxmdt.cloudfront.net/user_track_img/10/29',0,13003,'CUSTOM',0,0,'2024-05-20 00:25:29.084198','2024-05-20 00:25:16.080555',10),(260,'2024-05-20 09:25:43.253887','2024-05-20 09:25:43.253887',3,'https://dl06ulexuxmdt.cloudfront.net/user_track_img/17/3',0,24001,'CUSTOM',12080,0,'2024-05-20 09:25:41.355193','2024-05-20 09:25:17.353467',17),(261,'2024-05-20 09:27:14.502122','2024-05-20 09:27:14.502122',23,'https://dl06ulexuxmdt.cloudfront.net/user_track_img/8/52',0.04,115003,'CUSTOM',5160,0,'2024-05-20 09:27:12.091468','2024-05-20 09:25:17.088252',8);
/*!40000 ALTER TABLE `record` ENABLE KEYS */;
UNLOCK TABLES;

--
-- Table structure for table `room`
--

DROP TABLE IF EXISTS `room`;
/*!40101 SET @saved_cs_client     = @@character_set_client */;
/*!50503 SET character_set_client = utf8mb4 */;
CREATE TABLE `room` (
  `id` bigint NOT NULL AUTO_INCREMENT,
  `created_at` datetime(6) DEFAULT NULL,
  `updated_at` datetime(6) DEFAULT NULL,
  `capacity` int NOT NULL,
  `distance` double NOT NULL,
  `headcount` int NOT NULL,
  `name` varchar(255) DEFAULT NULL,
  `password` varchar(255) DEFAULT NULL,
  `status` tinyint DEFAULT NULL,
  `manager_id` bigint DEFAULT NULL,
  PRIMARY KEY (`id`),
  KEY `FKpvhnbiktirkkch8yudyjv2gi6` (`manager_id`),
  CONSTRAINT `FKpvhnbiktirkkch8yudyjv2gi6` FOREIGN KEY (`manager_id`) REFERENCES `member` (`id`)
) ENGINE=InnoDB AUTO_INCREMENT=74 DEFAULT CHARSET=utf8mb4 COLLATE=utf8mb4_0900_ai_ci;
/*!40101 SET character_set_client = @saved_cs_client */;

--
-- Dumping data for table `room`
--

LOCK TABLES `room` WRITE;
/*!40000 ALTER TABLE `room` DISABLE KEYS */;
/*!40000 ALTER TABLE `room` ENABLE KEYS */;
UNLOCK TABLES;

--
-- Table structure for table `room_member`
--

DROP TABLE IF EXISTS `room_member`;
/*!40101 SET @saved_cs_client     = @@character_set_client */;
/*!50503 SET character_set_client = utf8mb4 */;
CREATE TABLE `room_member` (
  `id` bigint NOT NULL AUTO_INCREMENT,
  `created_at` datetime(6) DEFAULT NULL,
  `updated_at` datetime(6) DEFAULT NULL,
  `is_ready` bit(1) DEFAULT NULL,
  `member_id` bigint DEFAULT NULL,
  `room_id` bigint DEFAULT NULL,
  `session_id` varchar(255) DEFAULT NULL,
  PRIMARY KEY (`id`),
  KEY `FKav1svcloqr7ue4dhsgkj5t4a5` (`member_id`),
  KEY `FKlmp67erahqx7u5shbkc12p0lw` (`room_id`),
  CONSTRAINT `FKav1svcloqr7ue4dhsgkj5t4a5` FOREIGN KEY (`member_id`) REFERENCES `member` (`id`),
  CONSTRAINT `FKlmp67erahqx7u5shbkc12p0lw` FOREIGN KEY (`room_id`) REFERENCES `room` (`id`)
) ENGINE=InnoDB AUTO_INCREMENT=137 DEFAULT CHARSET=utf8mb4 COLLATE=utf8mb4_0900_ai_ci;
/*!40101 SET character_set_client = @saved_cs_client */;

--
-- Dumping data for table `room_member`
--

LOCK TABLES `room_member` WRITE;
/*!40000 ALTER TABLE `room_member` DISABLE KEYS */;
/*!40000 ALTER TABLE `room_member` ENABLE KEYS */;
UNLOCK TABLES;

--
-- Table structure for table `tier`
--

DROP TABLE IF EXISTS `tier`;
/*!40101 SET @saved_cs_client     = @@character_set_client */;
/*!50503 SET character_set_client = utf8mb4 */;
CREATE TABLE `tier` (
  `id` bigint NOT NULL,
  `created_at` datetime(6) DEFAULT NULL,
  `updated_at` datetime(6) DEFAULT NULL,
  `img_url` tinytext,
  `name` varchar(30) DEFAULT NULL,
  `score_max` int DEFAULT NULL,
  `score_min` int DEFAULT NULL,
  PRIMARY KEY (`id`)
) ENGINE=InnoDB DEFAULT CHARSET=utf8mb4 COLLATE=utf8mb4_0900_ai_ci;
/*!40101 SET character_set_client = @saved_cs_client */;

--
-- Dumping data for table `tier`
--

LOCK TABLES `tier` WRITE;
/*!40000 ALTER TABLE `tier` DISABLE KEYS */;
INSERT INTO `tier` VALUES (1,NULL,NULL,'https://dl06ulexuxmdt.cloudfront.net/tier_img/beginner_3.png','beginner_3',99,0),(2,NULL,NULL,'https://dl06ulexuxmdt.cloudfront.net/tier_img/beginner_2.png','beginner_2',199,100),(3,NULL,NULL,'https://dl06ulexuxmdt.cloudfront.net/tier_img/beginner_1.png','beginner_1',299,200),(4,NULL,NULL,'https://dl06ulexuxmdt.cloudfront.net/tier_img/amateur_3.png','amateur_3',399,300),(5,NULL,NULL,'https://dl06ulexuxmdt.cloudfront.net/tier_img/amateur_2.png','amateur_2',499,400),(6,NULL,NULL,'https://dl06ulexuxmdt.cloudfront.net/tier_img/amateur_1.png','amateur_1',599,500),(7,NULL,NULL,'https://dl06ulexuxmdt.cloudfront.net/tier_img/pro_3.png','pro_3',699,600),(8,NULL,NULL,'https://dl06ulexuxmdt.cloudfront.net/tier_img/pro_2.png','pro_2',799,700),(9,NULL,NULL,'https://dl06ulexuxmdt.cloudfront.net/tier_img/pro_1.png','pro_1',899,800),(10,NULL,NULL,'https://dl06ulexuxmdt.cloudfront.net/tier_img/world_class_3.png','world_class_3',999,900),(11,NULL,NULL,'https://dl06ulexuxmdt.cloudfront.net/tier_img/world_class_2.png','world_class_2',1099,1000),(12,NULL,NULL,'https://dl06ulexuxmdt.cloudfront.net/tier_img/world_class_1.png','world_class_1',10000,1100);
/*!40000 ALTER TABLE `tier` ENABLE KEYS */;
UNLOCK TABLES;

--
-- Table structure for table `unlocked_character`
--

DROP TABLE IF EXISTS `unlocked_character`;
/*!40101 SET @saved_cs_client     = @@character_set_client */;
/*!50503 SET character_set_client = utf8mb4 */;
CREATE TABLE `unlocked_character` (
  `character_id` bigint NOT NULL,
  `member_id` bigint NOT NULL,
  `created_at` datetime(6) DEFAULT NULL,
  `updated_at` datetime(6) DEFAULT NULL,
  `is_check` bit(1) DEFAULT b'0',
  PRIMARY KEY (`character_id`,`member_id`)
) ENGINE=InnoDB DEFAULT CHARSET=utf8mb4 COLLATE=utf8mb4_0900_ai_ci;
/*!40101 SET character_set_client = @saved_cs_client */;

--
-- Dumping data for table `unlocked_character`
--

LOCK TABLES `unlocked_character` WRITE;
/*!40000 ALTER TABLE `unlocked_character` DISABLE KEYS */;
INSERT INTO `unlocked_character` VALUES (1,7,'2024-05-14 15:06:52.713071','2024-05-14 15:06:52.713071',_binary '\0'),(1,8,'2024-05-14 15:19:27.612518','2024-05-14 15:19:27.612518',_binary '\0'),(1,9,'2024-05-14 15:29:34.616639','2024-05-14 15:29:34.616639',_binary '\0'),(1,10,'2024-05-14 15:47:40.976937','2024-05-19 22:29:26.559358',_binary ''),(1,11,'2024-05-14 15:58:10.609692','2024-05-14 15:58:10.609692',_binary '\0'),(1,12,'2024-05-15 01:15:47.768632','2024-05-15 01:15:47.768632',_binary '\0'),(1,13,'2024-05-16 11:28:23.140542','2024-05-16 11:28:23.140542',_binary '\0'),(1,14,'2024-05-18 17:41:05.517315','2024-05-18 17:41:05.517315',_binary '\0'),(1,15,'2024-05-19 13:37:27.566803','2024-05-19 13:37:27.566803',_binary '\0'),(1,16,'2024-05-19 21:48:20.509721','2024-05-19 21:48:20.509721',_binary '\0'),(1,17,'2024-05-20 00:19:58.317868','2024-05-20 00:19:58.317868',_binary '\0'),(2,7,'2024-05-19 14:08:10.847432','2024-05-19 14:08:10.847432',_binary '\0'),(2,8,'2024-05-20 05:05:12.474758','2024-05-20 05:05:12.474758',_binary '\0'),(2,12,'2024-05-15 03:11:14.354603','2024-05-18 15:07:00.235905',_binary '\0'),(2,15,'2024-05-19 14:30:09.190093','2024-05-19 14:30:09.190093',_binary '\0'),(3,7,'2024-05-19 14:08:14.542547','2024-05-19 14:08:14.542547',_binary '\0'),(3,12,'2024-05-15 03:11:22.632308','2024-05-18 15:07:20.843318',_binary '\0'),(3,15,'2024-05-20 04:56:09.603153','2024-05-20 04:56:09.603153',_binary '\0'),(4,7,'2024-05-19 14:08:17.249739','2024-05-19 14:08:17.249739',_binary '\0'),(4,12,'2024-05-15 03:13:25.395364','2024-05-19 14:23:12.225154',_binary '\0'),(8,7,'2024-05-19 14:08:08.204826','2024-05-19 14:08:08.204826',_binary '\0'),(8,11,'2024-05-14 18:03:26.975334','2024-05-14 18:03:26.975334',_binary '\0'),(8,12,'2024-05-15 02:43:01.706943','2024-05-18 15:12:10.473558',_binary '\0'),(8,15,'2024-05-20 04:56:07.463009','2024-05-20 04:56:07.463009',_binary '\0');
/*!40000 ALTER TABLE `unlocked_character` ENABLE KEYS */;
UNLOCK TABLES;
/*!40103 SET TIME_ZONE=@OLD_TIME_ZONE */;

/*!40101 SET SQL_MODE=@OLD_SQL_MODE */;
/*!40014 SET FOREIGN_KEY_CHECKS=@OLD_FOREIGN_KEY_CHECKS */;
/*!40014 SET UNIQUE_CHECKS=@OLD_UNIQUE_CHECKS */;
/*!40101 SET CHARACTER_SET_CLIENT=@OLD_CHARACTER_SET_CLIENT */;
/*!40101 SET CHARACTER_SET_RESULTS=@OLD_CHARACTER_SET_RESULTS */;
/*!40101 SET COLLATION_CONNECTION=@OLD_COLLATION_CONNECTION */;
/*!40111 SET SQL_NOTES=@OLD_SQL_NOTES */;

-- Dump completed on 2024-05-20  9:35:26
